,class
Compound1,1
Compound2,1
Compound3,0
Compound4,1
Compound5,0
Compound6,1
Compound7,0
Compound8,1
Compound9,1
Compound10,1
Compound11,1
Compound12,1
Compound13,1
Compound14,1
Compound15,0
Compound16,0
Compound17,1
Compound18,1
Compound19,0
Compound20,0
Compound21,1
Compound22,0
Compound23,1
Compound24,1
Compound25,0
Compound26,0
Compound27,1
Compound28,1
Compound29,0
Compound30,0
Compound31,0
Compound32,0
Compound33,1
Compound34,1
Compound35,1
Compound36,0
Compound37,1
Compound38,1
Compound39,0
Compound40,1
Compound41,1
Compound42,1
Compound43,1
Compound44,1
Compound45,1
Compound46,1
Compound47,1
Compound48,1
Compound49,0
Compound50,1
Compound51,0
Compound52,0
Compound53,1
Compound54,0
Compound55,1
Compound56,1
Compound57,0
Compound58,0
Compound59,0
Compound60,1
Compound61,1
Compound62,1
Compound63,0
Compound64,0
Compound65,1
Compound66,0
Compound67,1
Compound68,1
Compound69,1
Compound70,1
Compound71,0
Compound72,0
Compound73,0
Compound74,1
Compound75,1
Compound76,1
Compound77,1
Compound78,0
Compound79,1
Compound80,1
Compound81,1
Compound82,1
Compound83,0
Compound84,1
Compound85,0
Compound86,1
Compound87,0
Compound88,0
Compound89,1
Compound90,1
Compound91,1
Compound92,1
Compound93,1
Compound94,1
Compound95,1
Compound96,1
Compound97,1
Compound98,1
Compound99,1
Compound100,0
Compound101,1
Compound102,0
Compound103,1
Compound104,0
Compound105,1
Compound106,1
Compound107,0
Compound108,0
Compound109,1
Compound110,0
Compound111,1
Compound112,1
Compound113,1
Compound114,1
Compound115,0
Compound116,1
Compound117,1
Compound118,1
Compound119,1
Compound120,1
Compound121,1
Compound122,1
Compound123,1
Compound124,1
Compound125,1
Compound126,0
Compound127,1
Compound128,1
Compound129,1
Compound130,0
Compound131,1
Compound132,0
Compound133,1
Compound134,0
Compound135,1
Compound136,0
Compound137,0
Compound138,1
Compound139,0
Compound140,1
Compound141,1
Compound142,1
Compound143,1
Compound144,1
Compound145,1
Compound146,1
Compound147,0
Compound148,1
Compound149,1
Compound150,1
Compound151,1
Compound152,0
Compound153,0
Compound154,1
Compound155,0
Compound156,1
Compound157,1
Compound158,1
Compound159,0
Compound160,1
Compound161,1
Compound162,1
Compound163,1
Compound164,0
Compound165,0
Compound166,0
Compound167,1
Compound168,1
Compound169,1
Compound170,1
Compound171,0
Compound172,1
Compound173,0
Compound174,0
Compound175,0
Compound176,1
Compound177,0
Compound178,1
Compound179,1
Compound180,0
Compound181,1
Compound182,1
Compound183,1
Compound184,1
Compound185,1
Compound186,0
Compound187,1
Compound188,1
Compound189,1
Compound190,1
Compound191,1
Compound192,0
Compound193,1
Compound194,1
Compound195,1
Compound196,1
Compound197,0
Compound198,0
Compound199,1
Compound200,1
Compound201,0
Compound202,1
Compound203,1
Compound204,1
Compound205,1
Compound206,1
Compound207,0
Compound208,1
Compound209,1
Compound210,1
Compound211,1
Compound212,1
Compound213,0
Compound214,1
Compound215,1
Compound216,1
Compound217,0
Compound218,0
Compound219,1
Compound220,1
Compound221,1
Compound222,0
Compound223,0
Compound224,1
Compound225,1
Compound226,0
Compound227,1
Compound228,1
Compound229,1
Compound230,0
Compound231,1
Compound232,1
Compound233,0
Compound234,0
Compound235,1
Compound236,1
Compound237,1
Compound238,0
Compound239,0
Compound240,1
Compound241,0
Compound242,0
Compound243,0
Compound244,1
Compound245,1
Compound246,0
Compound247,1
Compound248,1
Compound249,1
Compound250,0
Compound251,1
Compound252,1
Compound253,0
Compound254,0
Compound255,0
Compound256,0
Compound257,1
Compound258,1
Compound259,1
Compound260,1
Compound261,0
Compound262,1
Compound263,0
Compound264,1
Compound265,1
Compound266,1
Compound267,1
Compound268,0
Compound269,1
Compound270,1
Compound271,1
Compound272,0
Compound273,1
Compound274,1
Compound275,1
Compound276,0
Compound277,1
Compound278,1
Compound279,1
Compound280,1
Compound281,1
Compound282,0
Compound283,1
Compound284,1
Compound285,0
Compound286,1
Compound287,1
Compound288,1
Compound289,1
Compound290,0
Compound291,1
Compound292,1
Compound293,1
Compound294,1
Compound295,0
Compound296,1
Compound297,1
Compound298,0
Compound299,1
Compound300,1
Compound301,1
Compound302,1
Compound303,0
Compound304,1
Compound305,1
Compound306,1
Compound307,0
Compound308,1
Compound309,1
Compound310,1
Compound311,1
Compound312,1
Compound313,1
Compound314,0
Compound315,1
Compound316,1
Compound317,0
Compound318,1
Compound319,0
Compound320,1
Compound321,1
Compound322,1
Compound323,1
Compound324,1
Compound325,1
Compound326,1
Compound327,0
Compound328,1
Compound329,1
Compound330,1
Compound331,1
Compound332,0
Compound333,1
Compound334,1
Compound335,1
Compound336,0
Compound337,1
Compound338,1
Compound339,1
Compound340,1
Compound341,1
Compound342,0
Compound343,1
Compound344,1
Compound345,1
Compound346,1
Compound347,1
Compound348,1
Compound349,1
Compound350,0
Compound351,1
Compound352,0
Compound353,1
Compound354,1
Compound355,1
Compound356,1
Compound357,1
Compound358,1
Compound359,1
Compound360,1
Compound361,1
Compound362,1
Compound363,1
Compound364,1
Compound365,1
Compound366,1
Compound367,1
Compound368,1
Compound369,1
Compound370,1
Compound371,1
Compound372,0
Compound373,1
Compound374,0
Compound375,1
Compound376,0
Compound377,1
Compound378,0
Compound379,1
Compound380,0
Compound381,1
Compound382,1
Compound383,0
Compound384,1
Compound385,0
Compound386,1
Compound387,1
Compound388,0
Compound389,1
Compound390,0
Compound391,1
Compound392,1
Compound393,0
Compound394,1
Compound395,0
Compound396,0
Compound397,1
Compound398,1
Compound399,0
Compound400,1
Compound401,1
Compound402,1
Compound403,1
Compound404,1
Compound405,1
Compound406,1
Compound407,1
Compound408,0
Compound409,0
Compound410,0
Compound411,1
Compound412,1
Compound413,1
Compound414,1
Compound415,0
Compound416,0
Compound417,0
Compound418,1
Compound419,1
Compound420,0
Compound421,1
Compound422,1
Compound423,1
Compound424,1
Compound425,1
Compound426,1
Compound427,0
Compound428,0
Compound429,0
Compound430,1
Compound431,1
Compound432,1
Compound433,1
Compound434,1
Compound435,1
Compound436,0
Compound437,1
Compound438,0
Compound439,1
Compound440,1
Compound441,0
Compound442,1
Compound443,1
Compound444,1
Compound445,0
Compound446,1
Compound447,1
Compound448,1
Compound449,1
Compound450,0
Compound451,1
Compound452,0
Compound453,1
Compound454,1
Compound455,1
Compound456,1
Compound457,1
Compound458,1
Compound459,1
Compound460,0
Compound461,1
Compound462,1
Compound463,0
Compound464,1
Compound465,0
Compound466,1
Compound467,1
Compound468,1
Compound469,1
Compound470,1
Compound471,1
Compound472,1
Compound473,1
Compound474,1
Compound475,1
Compound476,1
Compound477,1
Compound478,1
Compound479,1
Compound480,0
Compound481,1
Compound482,1
Compound483,1
Compound484,0
Compound485,1
Compound486,1
Compound487,1
Compound488,0
Compound489,1
Compound490,1
Compound491,1
Compound492,1
Compound493,1
Compound494,1
Compound495,1
Compound496,0
Compound497,1
Compound498,1
Compound499,1
Compound500,0
Compound501,1
Compound502,1
Compound503,1
Compound504,1
Compound505,0
Compound506,1
Compound507,1
Compound508,0
Compound509,1
Compound510,1
Compound511,1
Compound512,1
Compound513,1
Compound514,1
Compound515,0
Compound516,1
Compound517,1
Compound518,0
Compound519,1
Compound520,1
Compound521,1
Compound522,1
Compound523,0
Compound524,1
Compound525,1
Compound526,1
Compound527,1
Compound528,1
Compound529,1
Compound530,1
Compound531,1
Compound532,1
Compound533,0
Compound534,1
Compound535,1
Compound536,1
Compound537,1
Compound538,1
Compound539,1
Compound540,1
Compound541,1
Compound542,0
Compound543,1
Compound544,0
Compound545,1
Compound546,1
Compound547,1
Compound548,1
Compound549,1
Compound550,0
Compound551,1
Compound552,1
Compound553,1
Compound554,1
Compound555,1
Compound556,1
Compound557,1
Compound558,0
Compound559,1
Compound560,1
Compound561,1
Compound562,1
Compound563,1
Compound564,1
Compound565,0
Compound566,1
Compound567,1
Compound568,1
Compound569,1
Compound570,1
Compound571,1
Compound572,0
Compound573,1
Compound574,1
Compound575,1
Compound576,0
Compound577,1
Compound578,1
Compound579,1
Compound580,1
Compound581,1
Compound582,1
Compound583,1
Compound584,1
Compound585,1
Compound586,1
Compound587,1
Compound588,1
Compound589,0
Compound590,1
Compound591,0
Compound592,1
Compound593,0
Compound594,1
Compound595,1
Compound596,0
Compound597,1
Compound598,1
Compound599,1
Compound600,1
Compound601,1
Compound602,1
Compound603,1
Compound604,1
Compound605,1
Compound606,1
Compound607,1
Compound608,1
Compound609,0
Compound610,1
Compound611,1
Compound612,1
Compound613,1
Compound614,1
Compound615,1
Compound616,1
Compound617,1
Compound618,0
Compound619,1
Compound620,1
Compound621,1
Compound622,1
Compound623,0
Compound624,1
Compound625,0
Compound626,1
Compound627,1
Compound628,1
Compound629,1
Compound630,1
Compound631,1
Compound632,1
Compound633,1
Compound634,0
Compound635,1
Compound636,1
Compound637,0
Compound638,1
Compound639,0
Compound640,1
Compound641,0
Compound642,1
Compound643,1
Compound644,1
Compound645,1
Compound646,1
Compound647,1
Compound648,1
Compound649,1
Compound650,1
Compound651,1
Compound652,1
Compound653,1
Compound654,1
Compound655,1
Compound656,1
Compound657,1
Compound658,1
Compound659,1
Compound660,1
Compound661,1
Compound662,0
Compound663,0
Compound664,1
Compound665,1
Compound666,1
Compound667,1
Compound668,1
Compound669,1
Compound670,0
Compound671,1
Compound672,1
Compound673,1
Compound674,1
Compound675,0
Compound676,0
Compound677,1
Compound678,0
Compound679,0
Compound680,1
Compound681,1
Compound682,1
Compound683,0
Compound684,1
Compound685,0
Compound686,0
Compound687,0
Compound688,1
Compound689,1
Compound690,1
Compound691,1
Compound692,1
Compound693,0
Compound694,0
Compound695,0
Compound696,1
Compound697,0
Compound698,1
Compound699,1
Compound700,1
Compound701,1
Compound702,1
Compound703,1
Compound704,0
Compound705,0
Compound706,0
Compound707,1
Compound708,1
Compound709,0
Compound710,0
Compound711,1
Compound712,0
Compound713,1
Compound714,0
Compound715,1
Compound716,1
Compound717,0
Compound718,1
Compound719,1
Compound720,1
Compound721,1
Compound722,1
Compound723,0
Compound724,1
Compound725,1
Compound726,1
Compound727,1
Compound728,1
Compound729,0
Compound730,1
Compound731,1
Compound732,1
Compound733,1
Compound734,1
Compound735,1
Compound736,1
Compound737,0
Compound738,1
Compound739,1
Compound740,0
Compound741,1
Compound742,1
Compound743,1
Compound744,1
Compound745,0
Compound746,1
Compound747,0
Compound748,0
Compound749,1
Compound750,1
Compound751,0
Compound752,1
Compound753,0
Compound754,1
Compound755,1
Compound756,1
Compound757,0
Compound758,1
Compound759,1
Compound760,0
Compound761,1
Compound762,1
Compound763,0
Compound764,1
Compound765,0
Compound766,0
Compound767,0
Compound768,1
Compound769,1
Compound770,0
Compound771,1
Compound772,1
Compound773,1
Compound774,1
Compound775,0
Compound776,1
Compound777,0
Compound778,1
Compound779,1
Compound780,0
Compound781,1
Compound782,1
Compound783,1
Compound784,1
Compound785,0
Compound786,0
Compound787,0
Compound788,0
Compound789,1
Compound790,1
Compound791,1
Compound792,1
Compound793,1
Compound794,0
Compound795,1
Compound796,1
Compound797,1
Compound798,0
Compound799,1
Compound800,1
Compound801,1
Compound802,1
Compound803,1
Compound804,1
Compound805,1
Compound806,0
Compound807,0
Compound808,1
Compound809,1
Compound810,1
Compound811,1
Compound812,0
Compound813,1
Compound814,0
Compound815,1
Compound816,1
Compound817,0
Compound818,1
Compound819,1
Compound820,1
Compound821,1
Compound822,1
Compound823,1
Compound824,1
Compound825,0
Compound826,1
Compound827,1
Compound828,1
Compound829,0
Compound830,1
Compound831,1
Compound832,1
Compound833,1
Compound834,0
Compound835,1
Compound836,1
Compound837,0
Compound838,1
Compound839,0
Compound840,0
Compound841,1
Compound842,1
Compound843,1
Compound844,1
Compound845,0
Compound846,1
Compound847,1
Compound848,0
Compound849,1
Compound850,1
Compound851,1
Compound852,1
Compound853,1
Compound854,1
Compound855,0
Compound856,1
Compound857,0
Compound858,1
Compound859,1
Compound860,1
Compound861,0
Compound862,1
Compound863,0
Compound864,1
Compound865,1
Compound866,1
Compound867,1
Compound868,1
Compound869,1
Compound870,1
Compound871,1
Compound872,0
Compound873,0
Compound874,1
Compound875,1
Compound876,1
Compound877,1
Compound878,1
Compound879,0
Compound880,0
Compound881,1
Compound882,1
Compound883,1
Compound884,1
Compound885,0
Compound886,0
Compound887,1
Compound888,1
Compound889,1
Compound890,1
Compound891,1
Compound892,1
Compound893,1
Compound894,1
Compound895,1
Compound896,1
Compound897,1
Compound898,1
Compound899,1
Compound900,1
Compound901,1
Compound902,1
Compound903,1
Compound904,1
Compound905,1
Compound906,1
Compound907,1
Compound908,1
Compound909,1
Compound910,1
Compound911,0
Compound912,1
Compound913,1
Compound914,1
Compound915,0
Compound916,1
Compound917,1
Compound918,1
Compound919,1
Compound920,1
Compound921,1
Compound922,1
Compound923,0
Compound924,1
Compound925,1
Compound926,1
Compound927,1
Compound928,1
Compound929,1
Compound930,1
Compound931,1
Compound932,1
Compound933,1
Compound934,0
Compound935,1
Compound936,1
Compound937,1
Compound938,1
Compound939,1
Compound940,1
Compound941,0
Compound942,1
Compound943,1
Compound944,1
Compound945,0
Compound946,1
Compound947,0
Compound948,1
Compound949,0
Compound950,1
Compound951,1
Compound952,0
Compound953,1
Compound954,1
Compound955,1
Compound956,1
Compound957,1
Compound958,1
Compound959,1
Compound960,1
Compound961,1
Compound962,1
Compound963,1
Compound964,1
Compound965,1
Compound966,1
Compound967,1
Compound968,1
Compound969,0
Compound970,1
Compound971,1
Compound972,0
Compound973,0
Compound974,1
Compound975,1
Compound976,0
Compound977,1
Compound978,1
Compound979,1
Compound980,1
Compound981,1
Compound982,1
Compound983,0
Compound984,0
Compound985,1
Compound986,1
Compound987,1
Compound988,1
Compound989,0
Compound990,1
Compound991,1
Compound992,1
Compound993,1
Compound994,1
Compound995,0
Compound996,1
Compound997,1
Compound998,1
Compound999,1
Compound1000,1
Compound1001,1
Compound1002,1
Compound1003,1
Compound1004,1
Compound1005,1
Compound1006,1
Compound1007,1
Compound1008,1
Compound1009,1
Compound1010,1
Compound1011,0
Compound1012,1
Compound1013,1
Compound1014,1
Compound1015,1
Compound1016,0
Compound1017,1
Compound1018,1
Compound1019,1
Compound1020,1
Compound1021,0
Compound1022,1
Compound1023,1
Compound1024,1
Compound1025,1
Compound1026,1
Compound1027,1
Compound1028,1
Compound1029,1
Compound1030,1
Compound1031,1
Compound1032,1
Compound1033,1
Compound1034,1
Compound1035,0
Compound1036,0
Compound1037,1
Compound1038,1
Compound1039,1
Compound1040,0
Compound1041,0
Compound1042,0
Compound1043,1
Compound1044,1
Compound1045,1
Compound1046,1
Compound1047,1
Compound1048,1
Compound1049,1
Compound1050,1
Compound1051,1
Compound1052,1
Compound1053,1
Compound1054,1
Compound1055,0
Compound1056,1
Compound1057,0
Compound1058,1
Compound1059,0
Compound1060,1
Compound1061,1
Compound1062,1
Compound1063,1
Compound1064,0
Compound1065,1
Compound1066,0
Compound1067,0
Compound1068,1
Compound1069,1
Compound1070,0
Compound1071,1
Compound1072,1
Compound1073,1
Compound1074,1
Compound1075,1
Compound1076,0
Compound1077,1
Compound1078,0
Compound1079,0
Compound1080,1
Compound1081,0
Compound1082,0
Compound1083,1
Compound1084,1
Compound1085,0
Compound1086,1
Compound1087,1
Compound1088,1
Compound1089,1
Compound1090,1
Compound1091,0
Compound1092,1
Compound1093,0
Compound1094,1
Compound1095,0
Compound1096,1
Compound1097,1
Compound1098,1
Compound1099,1
Compound1100,0
Compound1101,1
Compound1102,0
Compound1103,1
Compound1104,1
Compound1105,1
Compound1106,1
Compound1107,1
Compound1108,1
Compound1109,1
Compound1110,0
Compound1111,1
Compound1112,1
Compound1113,1
Compound1114,1
Compound1115,0
Compound1116,0
Compound1117,1
Compound1118,1
Compound1119,0
Compound1120,0
Compound1121,1
Compound1122,1
Compound1123,0
Compound1124,1
Compound1125,1
Compound1126,0
Compound1127,1
Compound1128,1
Compound1129,0
Compound1130,0
Compound1131,0
Compound1132,1
Compound1133,1
Compound1134,1
Compound1135,1
Compound1136,1
Compound1137,0
Compound1138,1
Compound1139,1
Compound1140,0
Compound1141,1
Compound1142,0
Compound1143,1
Compound1144,1
Compound1145,1
Compound1146,0
Compound1147,0
Compound1148,1
Compound1149,1
Compound1150,1
Compound1151,1
Compound1152,0
Compound1153,1
Compound1154,1
Compound1155,1
Compound1156,0
Compound1157,1
Compound1158,1
Compound1159,1
Compound1160,0
Compound1161,1
Compound1162,0
Compound1163,1
Compound1164,1
Compound1165,0
Compound1166,1
Compound1167,1
Compound1168,1
Compound1169,1
Compound1170,0
Compound1171,0
Compound1172,0
Compound1173,1
Compound1174,1
Compound1175,1
Compound1176,1
Compound1177,1
Compound1178,0
Compound1179,1
Compound1180,1
Compound1181,0
Compound1182,1
Compound1183,1
Compound1184,0
Compound1185,1
Compound1186,0
Compound1187,1
Compound1188,1
Compound1189,1
Compound1190,1
Compound1191,1
Compound1192,0
Compound1193,1
Compound1194,0
Compound1195,1
Compound1196,1
Compound1197,1
Compound1198,1
Compound1199,1
Compound1200,1
Compound1201,1
Compound1202,1
Compound1203,1
Compound1204,0
Compound1205,0
Compound1206,1
Compound1207,1
Compound1208,0
Compound1209,1
Compound1210,1
Compound1211,0
Compound1212,1
Compound1213,1
Compound1214,1
Compound1215,1
Compound1216,1
Compound1217,1
Compound1218,1
Compound1219,1
Compound1220,0
Compound1221,0
Compound1222,1
Compound1223,0
Compound1224,0
Compound1225,1
Compound1226,0
Compound1227,1
Compound1228,1
Compound1229,1
Compound1230,0
Compound1231,1
Compound1232,1
Compound1233,1
Compound1234,0
Compound1235,1
Compound1236,0
Compound1237,0
Compound1238,1
Compound1239,1
Compound1240,1
Compound1241,1
Compound1242,0
Compound1243,1
Compound1244,0
Compound1245,0
Compound1246,0
Compound1247,1
Compound1248,1
Compound1249,1
Compound1250,0
Compound1251,1
Compound1252,0
Compound1253,0
Compound1254,1
Compound1255,0
Compound1256,1
Compound1257,0
Compound1258,0
Compound1259,1
Compound1260,1
Compound1261,1
Compound1262,0
Compound1263,1
Compound1264,1
Compound1265,0
Compound1266,0
Compound1267,0
Compound1268,1
Compound1269,1
Compound1270,1
Compound1271,1
Compound1272,1
Compound1273,1
Compound1274,1
Compound1275,0
Compound1276,1
Compound1277,1
Compound1278,1
Compound1279,1
Compound1280,1
Compound1281,1
Compound1282,1
Compound1283,1
Compound1284,1
Compound1285,1
Compound1286,0
Compound1287,0
Compound1288,1
Compound1289,1
Compound1290,1
Compound1291,0
Compound1292,1
Compound1293,1
Compound1294,0
Compound1295,1
Compound1296,1
Compound1297,1
Compound1298,1
Compound1299,1
Compound1300,0
Compound1301,0
Compound1302,1
Compound1303,1
Compound1304,1
Compound1305,1
Compound1306,1
Compound1307,1
Compound1308,1
Compound1309,1
Compound1310,1
Compound1311,1
Compound1312,1
Compound1313,0
Compound1314,1
Compound1315,1
Compound1316,0
Compound1317,1
Compound1318,0
Compound1319,1
Compound1320,1
Compound1321,1
Compound1322,1
Compound1323,1
Compound1324,1
Compound1325,1
Compound1326,0
Compound1327,1
Compound1328,1
Compound1329,0
Compound1330,1
Compound1331,1
Compound1332,1
Compound1333,1
Compound1334,0
Compound1335,0
Compound1336,1
Compound1337,1
Compound1338,1
Compound1339,0
Compound1340,0
Compound1341,1
Compound1342,1
Compound1343,1
Compound1344,1
Compound1345,1
Compound1346,1
Compound1347,1
Compound1348,0
Compound1349,0
Compound1350,1
Compound1351,1
Compound1352,1
Compound1353,1
Compound1354,1
Compound1355,1
Compound1356,1
Compound1357,1
Compound1358,1
Compound1359,1
Compound1360,1
Compound1361,1
Compound1362,0
Compound1363,1
Compound1364,1
Compound1365,0
Compound1366,1
Compound1367,0
Compound1368,1
Compound1369,1
Compound1370,1
Compound1371,1
Compound1372,1
Compound1373,1
Compound1374,1
Compound1375,0
Compound1376,1
Compound1377,0
Compound1378,0
Compound1379,1
Compound1380,1
Compound1381,0
Compound1382,1
Compound1383,1
Compound1384,0
Compound1385,1
Compound1386,0
Compound1387,0
Compound1388,0
Compound1389,1
Compound1390,1
Compound1391,1
Compound1392,0
Compound1393,1
Compound1394,1
Compound1395,1
Compound1396,0
Compound1397,1
Compound1398,1
Compound1399,0
Compound1400,1
Compound1401,1
Compound1402,0
Compound1403,1
Compound1404,1
Compound1405,1
Compound1406,1
Compound1407,1
Compound1408,0
Compound1409,1
Compound1410,1
Compound1411,1
Compound1412,1
Compound1413,1
Compound1414,1
Compound1415,1
Compound1416,1
Compound1417,1
Compound1418,1
Compound1419,1
Compound1420,0
Compound1421,0
Compound1422,1
Compound1423,1
Compound1424,1
Compound1425,1
Compound1426,0
Compound1427,1
Compound1428,1
Compound1429,0
Compound1430,1
Compound1431,1
Compound1432,1
Compound1433,1
Compound1434,0
Compound1435,1
Compound1436,1
Compound1437,1
Compound1438,1
Compound1439,1
Compound1440,1
Compound1441,1
Compound1442,1
Compound1443,0
Compound1444,0
Compound1445,1
Compound1446,0
Compound1447,1
Compound1448,0
Compound1449,1
Compound1450,1
Compound1451,1
Compound1452,0
Compound1453,0
Compound1454,0
Compound1455,1
Compound1456,1
Compound1457,1
Compound1458,1
Compound1459,0
Compound1460,1
Compound1461,1
Compound1462,1
Compound1463,1
Compound1464,1
Compound1465,1
Compound1466,0
Compound1467,1
Compound1468,1
Compound1469,1
Compound1470,1
Compound1471,1
Compound1472,1
Compound1473,1
Compound1474,1
Compound1475,1
Compound1476,1
Compound1477,1
Compound1478,1
Compound1479,0
Compound1480,0
Compound1481,1
Compound1482,1
Compound1483,0
Compound1484,1
Compound1485,1
Compound1486,1
Compound1487,1
Compound1488,1
Compound1489,1
Compound1490,1
Compound1491,1
Compound1492,0
Compound1493,1
Compound1494,1
Compound1495,1
Compound1496,1
Compound1497,1
Compound1498,1
Compound1499,1
Compound1500,1
Compound1501,1
Compound1502,0
Compound1503,1
Compound1504,1
Compound1505,1
Compound1506,1
Compound1507,0
Compound1508,1
Compound1509,1
Compound1510,1
Compound1511,1
Compound1512,1
Compound1513,0
Compound1514,1
Compound1515,1
Compound1516,1
Compound1517,1
Compound1518,1
Compound1519,1
Compound1520,0
Compound1521,0
Compound1522,1
Compound1523,1
Compound1524,1
Compound1525,1
Compound1526,0
Compound1527,1
Compound1528,0
Compound1529,1
Compound1530,1
Compound1531,1
Compound1532,0
Compound1533,1
Compound1534,1
Compound1535,1
Compound1536,1
Compound1537,0
Compound1538,1
Compound1539,0
Compound1540,0
Compound1541,1
Compound1542,1
Compound1543,1
Compound1544,1
Compound1545,1
Compound1546,1
Compound1547,1
Compound1548,0
Compound1549,1
Compound1550,1
Compound1551,1
Compound1552,1
Compound1553,1
Compound1554,0
Compound1555,0
Compound1556,1
Compound1557,1
Compound1558,1
Compound1559,1
Compound1560,1
Compound1561,0
Compound1562,1
Compound1563,0
Compound1564,1
Compound1565,1
Compound1566,1
Compound1567,1
Compound1568,1
Compound1569,1
Compound1570,0
Compound1571,1
Compound1572,1
Compound1573,1
Compound1574,1
Compound1575,1
Compound1576,1
Compound1577,1
Compound1578,1
Compound1579,0
Compound1580,1
Compound1581,1
Compound1582,0
Compound1583,1
Compound1584,0
Compound1585,0
Compound1586,1
Compound1587,1
Compound1588,1
Compound1589,1
Compound1590,1
Compound1591,1
Compound1592,0
Compound1593,1
Compound1594,1
Compound1595,1
Compound1596,1
Compound1597,0
Compound1598,1
Compound1599,1
Compound1600,1
Compound1601,1
Compound1602,1
Compound1603,1
Compound1604,1
Compound1605,0
Compound1606,1
Compound1607,1
Compound1608,1
Compound1609,0
Compound1610,0
Compound1611,1
Compound1612,0
Compound1613,1
Compound1614,1
Compound1615,1
Compound1616,0
Compound1617,1
Compound1618,0
Compound1619,1
Compound1620,1
Compound1621,1
Compound1622,1
Compound1623,0
Compound1624,1
Compound1625,1
Compound1626,1
Compound1627,0
Compound1628,1
Compound1629,1
Compound1630,1
Compound1631,0
Compound1632,1
Compound1633,1
Compound1634,1
Compound1635,1
Compound1636,0
Compound1637,1
Compound1638,1
Compound1639,0
Compound1640,0
Compound1641,0
Compound1642,1
Compound1643,0
Compound1644,1
Compound1645,1
Compound1646,1
Compound1647,1
Compound1648,1
Compound1649,1
Compound1650,1
Compound1651,1
Compound1652,1
Compound1653,1
Compound1654,1
Compound1655,1
Compound1656,1
Compound1657,1
Compound1658,1
Compound1659,1
Compound1660,1
Compound1661,0
Compound1662,1
Compound1663,1
Compound1664,0
Compound1665,1
Compound1666,1
Compound1667,1
Compound1668,1
Compound1669,1
Compound1670,1
Compound1671,1
Compound1672,1
Compound1673,1
Compound1674,1
Compound1675,1
Compound1676,1
Compound1677,1
Compound1678,0
Compound1679,1
Compound1680,1
Compound1681,1
Compound1682,0
Compound1683,0
Compound1684,1
Compound1685,0
Compound1686,1
Compound1687,1
Compound1688,1
Compound1689,1
Compound1690,1
Compound1691,1
Compound1692,1
Compound1693,0
Compound1694,0
Compound1695,1
Compound1696,1
Compound1697,1
Compound1698,1
Compound1699,1
Compound1700,1
Compound1701,0
Compound1702,1
Compound1703,1
Compound1704,0
Compound1705,1
Compound1706,1
Compound1707,0
Compound1708,1
Compound1709,1
Compound1710,1
Compound1711,1
Compound1712,1
Compound1713,1
Compound1714,1
Compound1715,1
Compound1716,1
Compound1717,1
Compound1718,1
Compound1719,1
Compound1720,1
Compound1721,1
Compound1722,1
Compound1723,1
Compound1724,1
Compound1725,1
Compound1726,1
Compound1727,1
Compound1728,1
Compound1729,1
Compound1730,1
Compound1731,1
Compound1732,1
Compound1733,1
Compound1734,1
Compound1735,0
Compound1736,1
Compound1737,1
Compound1738,0
Compound1739,1
Compound1740,1
Compound1741,0
Compound1742,0
Compound1743,1
Compound1744,0
Compound1745,0
Compound1746,1
Compound1747,1
Compound1748,0
Compound1749,0
Compound1750,0
Compound1751,0
Compound1752,1
Compound1753,1
Compound1754,1
Compound1755,1
Compound1756,1
Compound1757,0
Compound1758,1
Compound1759,1
Compound1760,1
Compound1761,1
Compound1762,1
Compound1763,1
Compound1764,0
Compound1765,0
Compound1766,1
Compound1767,1
Compound1768,0
Compound1769,1
Compound1770,1
Compound1771,1
Compound1772,1
Compound1773,1
Compound1774,1
Compound1775,1
Compound1776,1
Compound1777,1
Compound1778,1
Compound1779,0
Compound1780,0
Compound1781,1
Compound1782,1
Compound1783,0
Compound1784,1
Compound1785,1
Compound1786,1
Compound1787,0
Compound1788,1
Compound1789,1
Compound1790,1
Compound1791,1
Compound1792,1
Compound1793,1
Compound1794,1
Compound1795,1
Compound1796,1
Compound1797,1
Compound1798,1
Compound1799,1
Compound1800,0
Compound1801,1
Compound1802,1
Compound1803,1
Compound1804,1
Compound1805,1
Compound1806,1
Compound1807,1
Compound1808,1
Compound1809,0
Compound1810,1
Compound1811,1
Compound1812,0
Compound1813,1
Compound1814,0
Compound1815,1
Compound1816,1
Compound1817,1
Compound1818,0
Compound1819,0
Compound1820,1
Compound1821,1
Compound1822,1
Compound1823,1
Compound1824,1
Compound1825,1
Compound1826,0
Compound1827,1
Compound1828,1
Compound1829,1
Compound1830,1
Compound1831,1
Compound1832,0
Compound1833,0
Compound1834,0
Compound1835,0
Compound1836,0
Compound1837,1
Compound1838,1
Compound1839,1
Compound1840,1
Compound1841,1
Compound1842,0
Compound1843,1
Compound1844,0
Compound1845,1
Compound1846,0
Compound1847,1
Compound1848,1
Compound1849,1
Compound1850,1
Compound1851,1
Compound1852,1
Compound1853,1
Compound1854,0
Compound1855,1
Compound1856,1
Compound1857,1
Compound1858,1
Compound1859,0
Compound1860,1
Compound1861,0
Compound1862,0
Compound1863,1
Compound1864,1
Compound1865,1
Compound1866,1
Compound1867,1
Compound1868,1
Compound1869,1
Compound1870,0
Compound1871,0
Compound1872,0
Compound1873,1
Compound1874,1
Compound1875,1
Compound1876,0
Compound1877,1
Compound1878,0
Compound1879,1
Compound1880,1
Compound1881,1
Compound1882,1
Compound1883,1
Compound1884,1
Compound1885,1
Compound1886,1
Compound1887,1
Compound1888,1
Compound1889,1
Compound1890,1
Compound1891,1
Compound1892,1
Compound1893,0
Compound1894,1
Compound1895,1
Compound1896,1
Compound1897,1
Compound1898,0
Compound1899,1
Compound1900,1
Compound1901,1
Compound1902,1
Compound1903,0
Compound1904,1
Compound1905,1
Compound1906,1
Compound1907,1
Compound1908,1
Compound1909,0
Compound1910,1
Compound1911,0
Compound1912,1
Compound1913,1
Compound1914,1
Compound1915,0
Compound1916,0
Compound1917,1
Compound1918,1
Compound1919,1
Compound1920,0
Compound1921,1
Compound1922,1
Compound1923,0
Compound1924,1
Compound1925,0
Compound1926,1
Compound1927,1
Compound1928,1
Compound1929,1
Compound1930,1
Compound1931,1
Compound1932,0
Compound1933,1
Compound1934,1
Compound1935,1
Compound1936,1
Compound1937,1
Compound1938,1
Compound1939,1
Compound1940,1
Compound1941,1
Compound1942,1
Compound1943,1
Compound1944,1
Compound1945,1
Compound1946,1
Compound1947,1
Compound1948,1
Compound1949,1
Compound1950,1
Compound1951,1
Compound1952,1
Compound1953,1
Compound1954,1
Compound1955,1
Compound1956,0
Compound1957,1
Compound1958,1
Compound1959,1
Compound1960,1
Compound1961,1
Compound1962,0
Compound1963,1
Compound1964,1
Compound1965,1
Compound1966,1
Compound1967,1
Compound1968,0
Compound1969,1
Compound1970,0
Compound1971,1
Compound1972,0
Compound1973,1
Compound1974,1
Compound1975,0
Compound1976,0
Compound1977,0
Compound1978,1
Compound1979,1
Compound1980,1
Compound1981,1
Compound1982,1
Compound1983,0
Compound1984,1
Compound1985,1
Compound1986,1
Compound1987,1
Compound1988,0
Compound1989,1
Compound1990,1
Compound1991,1
Compound1992,0
Compound1993,1
Compound1994,0
Compound1995,1
Compound1996,0
Compound1997,1
Compound1998,0
Compound1999,1
Compound2000,1
Compound2001,1
Compound2002,1
Compound2003,0
Compound2004,1
Compound2005,0
Compound2006,0
Compound2007,1
Compound2008,1
Compound2009,1
Compound2010,1
Compound2011,1
Compound2012,1
Compound2013,1
Compound2014,1
Compound2015,1
Compound2016,1
Compound2017,1
Compound2018,0
Compound2019,1
Compound2020,1
Compound2021,0
Compound2022,1
Compound2023,1
Compound2024,1
Compound2025,0
Compound2026,1
Compound2027,1
Compound2028,0
Compound2029,0
Compound2030,1
Compound2031,1
Compound2032,0
Compound2033,1
Compound2034,1
Compound2035,1
Compound2036,0
Compound2037,1
Compound2038,0
Compound2039,1
Compound2040,0
Compound2041,1
Compound2042,1
Compound2043,1
Compound2044,1
Compound2045,1
Compound2046,1
Compound2047,1
Compound2048,1
Compound2049,0
Compound2050,1
Compound2051,1
Compound2052,1
Compound2053,1
Compound2054,1
Compound2055,1
Compound2056,1
Compound2057,0
Compound2058,1
Compound2059,0
Compound2060,0
Compound2061,1
Compound2062,0
Compound2063,1
Compound2064,0
Compound2065,1
Compound2066,1
Compound2067,0
Compound2068,1
Compound2069,1
Compound2070,1
Compound2071,1
Compound2072,1
Compound2073,0
Compound2074,1
Compound2075,0
Compound2076,1
Compound2077,1
Compound2078,1
Compound2079,1
Compound2080,0
Compound2081,1
Compound2082,1
Compound2083,1
Compound2084,0
Compound2085,1
Compound2086,1
Compound2087,1
Compound2088,1
Compound2089,0
Compound2090,1
Compound2091,1
Compound2092,0
Compound2093,1
Compound2094,1
Compound2095,1
Compound2096,1
Compound2097,1
Compound2098,1
Compound2099,1
Compound2100,1
Compound2101,1
Compound2102,1
Compound2103,1
Compound2104,1
Compound2105,1
Compound2106,1
Compound2107,1
Compound2108,1
Compound2109,1
Compound2110,1
Compound2111,0
Compound2112,1
Compound2113,1
Compound2114,1
Compound2115,1
Compound2116,0
Compound2117,1
Compound2118,1
Compound2119,1
Compound2120,1
Compound2121,0
Compound2122,1
Compound2123,0
Compound2124,0
Compound2125,1
Compound2126,1
Compound2127,1
Compound2128,1
Compound2129,1
Compound2130,1
Compound2131,1
Compound2132,1
Compound2133,0
Compound2134,1
Compound2135,1
Compound2136,1
Compound2137,1
Compound2138,1
Compound2139,0
Compound2140,0
Compound2141,1
Compound2142,0
Compound2143,1
Compound2144,1
Compound2145,1
Compound2146,0
Compound2147,0
Compound2148,1
Compound2149,1
Compound2150,1
Compound2151,1
Compound2152,1
Compound2153,0
Compound2154,1
Compound2155,1
Compound2156,1
Compound2157,1
Compound2158,1
Compound2159,1
Compound2160,1
Compound2161,1
Compound2162,0
Compound2163,1
Compound2164,1
Compound2165,1
Compound2166,0
Compound2167,1
Compound2168,1
Compound2169,0
Compound2170,1
Compound2171,1
Compound2172,1
Compound2173,0
Compound2174,0
Compound2175,1
Compound2176,1
Compound2177,1
Compound2178,1
Compound2179,1
Compound2180,1
Compound2181,0
Compound2182,1
Compound2183,1
Compound2184,0
Compound2185,1
Compound2186,0
Compound2187,1
Compound2188,1
Compound2189,1
Compound2190,0
Compound2191,0
Compound2192,0
Compound2193,1
Compound2194,1
Compound2195,0
Compound2196,1
Compound2197,1
Compound2198,1
Compound2199,1
Compound2200,0
Compound2201,1
Compound2202,0
Compound2203,1
Compound2204,0
Compound2205,1
Compound2206,0
Compound2207,0
Compound2208,0
Compound2209,0
Compound2210,1
Compound2211,0
Compound2212,1
Compound2213,0
Compound2214,1
Compound2215,0
Compound2216,0
Compound2217,0
Compound2218,0
Compound2219,1
Compound2220,1
Compound2221,1
Compound2222,0
Compound2223,1
Compound2224,1
Compound2225,1
Compound2226,0
Compound2227,1
Compound2228,1
Compound2229,1
Compound2230,1
Compound2231,0
Compound2232,1
Compound2233,1
Compound2234,0
Compound2235,0
Compound2236,1
Compound2237,0
Compound2238,1
Compound2239,1
Compound2240,1
Compound2241,0
Compound2242,1
Compound2243,1
Compound2244,1
Compound2245,0
Compound2246,1
Compound2247,1
Compound2248,1
Compound2249,1
Compound2250,1
Compound2251,1
Compound2252,1
Compound2253,0
Compound2254,1
Compound2255,1
Compound2256,1
Compound2257,1
Compound2258,1
Compound2259,1
Compound2260,0
Compound2261,0
Compound2262,1
Compound2263,1
Compound2264,1
Compound2265,1
Compound2266,1
Compound2267,1
Compound2268,1
Compound2269,0
Compound2270,1
Compound2271,1
Compound2272,1
Compound2273,1
Compound2274,0
Compound2275,1
Compound2276,1
Compound2277,0
Compound2278,1
Compound2279,1
Compound2280,1
Compound2281,0
Compound2282,1
Compound2283,0
Compound2284,1
Compound2285,1
Compound2286,1
Compound2287,1
Compound2288,1
Compound2289,1
Compound2290,1
Compound2291,1
Compound2292,1
Compound2293,1
Compound2294,0
Compound2295,0
Compound2296,1
Compound2297,1
Compound2298,1
Compound2299,1
Compound2300,1
Compound2301,1
Compound2302,1
Compound2303,1
Compound2304,1
Compound2305,1
Compound2306,1
Compound2307,1
Compound2308,1
Compound2309,1
Compound2310,1
Compound2311,0
Compound2312,1
Compound2313,1
Compound2314,0
Compound2315,1
Compound2316,1
Compound2317,0
Compound2318,1
Compound2319,0
Compound2320,0
Compound2321,1
Compound2322,1
Compound2323,1
Compound2324,1
Compound2325,1
Compound2326,0
Compound2327,1
Compound2328,1
Compound2329,1
Compound2330,1
Compound2331,1
Compound2332,0
Compound2333,0
Compound2334,1
Compound2335,0
Compound2336,1
Compound2337,0
Compound2338,1
Compound2339,1
Compound2340,1
Compound2341,1
Compound2342,1
Compound2343,1
Compound2344,1
Compound2345,1
Compound2346,1
Compound2347,1
Compound2348,1
Compound2349,1
Compound2350,1
Compound2351,0
Compound2352,0
Compound2353,0
Compound2354,1
Compound2355,0
Compound2356,1
Compound2357,1
Compound2358,1
Compound2359,1
Compound2360,1
Compound2361,1
Compound2362,1
Compound2363,1
Compound2364,0
Compound2365,0
Compound2366,0
Compound2367,1
Compound2368,1
Compound2369,1
Compound2370,0
Compound2371,0
Compound2372,0
Compound2373,1
Compound2374,0
Compound2375,0
Compound2376,0
Compound2377,1
Compound2378,1
Compound2379,1
Compound2380,1
Compound2381,1
Compound2382,1
Compound2383,0
Compound2384,1
Compound2385,0
Compound2386,1
Compound2387,0
Compound2388,1
Compound2389,0
Compound2390,1
Compound2391,1
Compound2392,1
Compound2393,1
Compound2394,1
Compound2395,1
Compound2396,1
Compound2397,1
Compound2398,1
Compound2399,1
Compound2400,1
Compound2401,1
Compound2402,1
Compound2403,0
Compound2404,1
Compound2405,1
Compound2406,0
Compound2407,1
Compound2408,1
Compound2409,1
Compound2410,1
Compound2411,1
Compound2412,1
Compound2413,1
Compound2414,1
Compound2415,1
Compound2416,1
Compound2417,1
Compound2418,0
Compound2419,1
Compound2420,1
Compound2421,0
Compound2422,0
Compound2423,1
Compound2424,1
Compound2425,0
Compound2426,1
Compound2427,0
Compound2428,1
Compound2429,1
Compound2430,1
Compound2431,1
Compound2432,1
Compound2433,1
Compound2434,1
Compound2435,1
Compound2436,1
Compound2437,0
Compound2438,1
Compound2439,1
Compound2440,0
Compound2441,1
Compound2442,1
Compound2443,1
Compound2444,1
Compound2445,1
Compound2446,1
Compound2447,1
Compound2448,1
Compound2449,1
Compound2450,1
Compound2451,1
Compound2452,0
Compound2453,1
Compound2454,1
Compound2455,1
Compound2456,0
Compound2457,1
Compound2458,1
Compound2459,1
Compound2460,1
Compound2461,0
Compound2462,1
Compound2463,1
Compound2464,0
Compound2465,0
Compound2466,1
Compound2467,1
Compound2468,1
Compound2469,0
Compound2470,1
Compound2471,0
Compound2472,0
Compound2473,0
Compound2474,1
Compound2475,1
Compound2476,0
Compound2477,1
Compound2478,1
Compound2479,1
Compound2480,0
Compound2481,1
Compound2482,1
Compound2483,0
Compound2484,1
Compound2485,1
Compound2486,1
Compound2487,1
Compound2488,1
Compound2489,0
Compound2490,1
Compound2491,1
Compound2492,1
Compound2493,1
Compound2494,1
Compound2495,0
Compound2496,1
Compound2497,1
Compound2498,0
Compound2499,1
Compound2500,0
Compound2501,1
Compound2502,1
Compound2503,1
Compound2504,1
Compound2505,1
Compound2506,1
Compound2507,1
Compound2508,1
Compound2509,1
Compound2510,0
Compound2511,1
Compound2512,0
Compound2513,1
Compound2514,1
Compound2515,1
Compound2516,1
Compound2517,1
Compound2518,1
Compound2519,1
Compound2520,1
Compound2521,1
Compound2522,1
Compound2523,1
Compound2524,1
Compound2525,0
Compound2526,1
Compound2527,1
Compound2528,0
Compound2529,0
Compound2530,0
Compound2531,0
Compound2532,1
Compound2533,1
Compound2534,1
Compound2535,1
Compound2536,1
Compound2537,0
Compound2538,1
Compound2539,1
Compound2540,0
Compound2541,1
Compound2542,1
Compound2543,0
Compound2544,1
Compound2545,0
Compound2546,1
Compound2547,1
Compound2548,1
Compound2549,1
Compound2550,1
Compound2551,1
Compound2552,0
Compound2553,1
Compound2554,0
Compound2555,1
Compound2556,1
Compound2557,1
Compound2558,0
Compound2559,1
Compound2560,1
Compound2561,0
Compound2562,1
Compound2563,1
Compound2564,0
Compound2565,1
Compound2566,1
Compound2567,1
Compound2568,0
Compound2569,0
Compound2570,1
Compound2571,1
Compound2572,1
Compound2573,1
Compound2574,1
Compound2575,1
Compound2576,0
Compound2577,1
Compound2578,1
Compound2579,0
Compound2580,1
Compound2581,0
Compound2582,1
Compound2583,1
Compound2584,0
Compound2585,1
Compound2586,1
Compound2587,1
Compound2588,1
Compound2589,1
Compound2590,1
Compound2591,1
Compound2592,1
Compound2593,1
Compound2594,1
Compound2595,1
Compound2596,0
Compound2597,0
Compound2598,1
Compound2599,1
Compound2600,1
Compound2601,0
Compound2602,1
Compound2603,1
Compound2604,1
Compound2605,1
Compound2606,1
Compound2607,0
Compound2608,1
Compound2609,1
Compound2610,0
Compound2611,1
Compound2612,1
Compound2613,1
Compound2614,1
Compound2615,1
Compound2616,0
Compound2617,1
Compound2618,1
Compound2619,1
Compound2620,1
Compound2621,1
Compound2622,1
Compound2623,1
Compound2624,1
Compound2625,0
Compound2626,0
Compound2627,0
Compound2628,1
Compound2629,0
Compound2630,0
Compound2631,1
Compound2632,1
Compound2633,1
Compound2634,1
Compound2635,1
Compound2636,1
Compound2637,0
Compound2638,1
Compound2639,1
Compound2640,1
Compound2641,1
Compound2642,0
Compound2643,1
Compound2644,1
Compound2645,1
Compound2646,1
Compound2647,1
Compound2648,0
Compound2649,0
Compound2650,1
Compound2651,1
Compound2652,1
Compound2653,0
Compound2654,1
Compound2655,0
Compound2656,1
Compound2657,1
Compound2658,0
Compound2659,1
Compound2660,1
Compound2661,1
Compound2662,0
Compound2663,1
Compound2664,1
Compound2665,1
Compound2666,1
Compound2667,1
Compound2668,1
Compound2669,0
Compound2670,1
Compound2671,1
Compound2672,1
Compound2673,1
Compound2674,1
Compound2675,1
Compound2676,1
Compound2677,1
Compound2678,0
Compound2679,1
Compound2680,1
Compound2681,0
Compound2682,1
Compound2683,1
Compound2684,0
Compound2685,1
Compound2686,1
Compound2687,0
Compound2688,1
Compound2689,0
Compound2690,1
Compound2691,0
Compound2692,1
Compound2693,1
Compound2694,1
Compound2695,1
Compound2696,0
Compound2697,1
Compound2698,1
Compound2699,1
Compound2700,1
Compound2701,1
Compound2702,1
Compound2703,1
Compound2704,1
Compound2705,0
Compound2706,1
Compound2707,1
Compound2708,0
Compound2709,0
Compound2710,0
Compound2711,1
Compound2712,1
Compound2713,1
Compound2714,0
Compound2715,0
Compound2716,1
Compound2717,0
Compound2718,1
Compound2719,0
Compound2720,0
Compound2721,1
Compound2722,1
Compound2723,1
Compound2724,1
Compound2725,1
Compound2726,1
Compound2727,1
Compound2728,1
Compound2729,0
Compound2730,1
Compound2731,1
Compound2732,1
Compound2733,0
Compound2734,1
Compound2735,1
Compound2736,1
Compound2737,1
Compound2738,1
Compound2739,0
Compound2740,1
Compound2741,1
Compound2742,1
Compound2743,1
Compound2744,1
Compound2745,0
Compound2746,1
Compound2747,1
Compound2748,1
Compound2749,1
Compound2750,1
Compound2751,0
Compound2752,1
Compound2753,0
Compound2754,0
Compound2755,1
Compound2756,1
Compound2757,0
Compound2758,1
Compound2759,0
Compound2760,1
Compound2761,1
Compound2762,0
Compound2763,0
Compound2764,1
Compound2765,1
Compound2766,1
Compound2767,1
Compound2768,0
Compound2769,0
Compound2770,0
Compound2771,0
Compound2772,1
Compound2773,0
Compound2774,1
Compound2775,1
Compound2776,1
Compound2777,1
Compound2778,0
Compound2779,1
Compound2780,1
Compound2781,1
Compound2782,1
Compound2783,1
Compound2784,1
Compound2785,0
Compound2786,1
Compound2787,0
Compound2788,1
Compound2789,1
Compound2790,1
Compound2791,0
Compound2792,1
Compound2793,1
Compound2794,0
Compound2795,1
Compound2796,1
Compound2797,0
Compound2798,0
Compound2799,1
Compound2800,1
Compound2801,1
Compound2802,1
Compound2803,0
Compound2804,1
Compound2805,1
Compound2806,1
Compound2807,1
Compound2808,1
Compound2809,1
Compound2810,0
Compound2811,1
Compound2812,1
Compound2813,1
Compound2814,0
Compound2815,1
Compound2816,1
Compound2817,1
Compound2818,0
Compound2819,1
Compound2820,1
Compound2821,1
Compound2822,1
Compound2823,0
Compound2824,1
Compound2825,1
Compound2826,1
Compound2827,1
Compound2828,1
Compound2829,0
Compound2830,1
Compound2831,1
Compound2832,0
Compound2833,0
Compound2834,1
Compound2835,1
Compound2836,0
Compound2837,0
Compound2838,1
Compound2839,0
Compound2840,1
Compound2841,1
Compound2842,1
Compound2843,1
Compound2844,1
Compound2845,1
Compound2846,1
Compound2847,0
Compound2848,1
Compound2849,1
Compound2850,1
Compound2851,0
Compound2852,1
Compound2853,1
Compound2854,0
Compound2855,1
Compound2856,1
Compound2857,0
Compound2858,1
Compound2859,1
Compound2860,0
Compound2861,0
Compound2862,1
Compound2863,0
Compound2864,1
Compound2865,1
Compound2866,1
Compound2867,0
Compound2868,1
Compound2869,1
Compound2870,1
Compound2871,1
Compound2872,1
Compound2873,0
Compound2874,1
Compound2875,1
Compound2876,0
Compound2877,1
Compound2878,1
Compound2879,0
Compound2880,1
Compound2881,1
Compound2882,1
Compound2883,1
Compound2884,1
Compound2885,0
Compound2886,0
Compound2887,1
Compound2888,1
Compound2889,0
Compound2890,1
Compound2891,1
Compound2892,1
Compound2893,1
Compound2894,1
Compound2895,0
Compound2896,1
Compound2897,1
Compound2898,1
Compound2899,0
Compound2900,1
Compound2901,0
Compound2902,1
Compound2903,1
Compound2904,1
Compound2905,1
Compound2906,1
Compound2907,1
Compound2908,1
Compound2909,1
Compound2910,1
Compound2911,1
Compound2912,1
Compound2913,0
Compound2914,1
Compound2915,1
Compound2916,1
Compound2917,1
Compound2918,1
Compound2919,1
Compound2920,0
Compound2921,1
Compound2922,1
Compound2923,0
Compound2924,1
Compound2925,1
Compound2926,1
Compound2927,0
Compound2928,1
Compound2929,0
Compound2930,0
Compound2931,1
Compound2932,0
Compound2933,1
Compound2934,1
Compound2935,1
Compound2936,1
Compound2937,0
Compound2938,1
Compound2939,1
Compound2940,1
Compound2941,0
Compound2942,1
Compound2943,1
Compound2944,0
Compound2945,1
Compound2946,1
Compound2947,1
Compound2948,0
Compound2949,1
Compound2950,1
Compound2951,0
Compound2952,1
Compound2953,0
Compound2954,1
Compound2955,1
Compound2956,1
Compound2957,1
Compound2958,1
Compound2959,1
Compound2960,0
Compound2961,1
Compound2962,1
Compound2963,0
Compound2964,0
Compound2965,1
Compound2966,1
Compound2967,0
Compound2968,1
Compound2969,0
Compound2970,1
Compound2971,1
Compound2972,1
Compound2973,1
Compound2974,1
Compound2975,0
Compound2976,1
Compound2977,1
Compound2978,0
Compound2979,0
Compound2980,1
Compound2981,1
Compound2982,1
Compound2983,1
Compound2984,1
Compound2985,1
Compound2986,1
Compound2987,0
Compound2988,1
Compound2989,1
Compound2990,1
Compound2991,0
Compound2992,1
Compound2993,1
Compound2994,1
Compound2995,0
Compound2996,1
Compound2997,1
Compound2998,1
Compound2999,0
Compound3000,1
Compound3001,1
Compound3002,1
Compound3003,1
Compound3004,1
Compound3005,1
Compound3006,0
Compound3007,1
Compound3008,1
Compound3009,1
Compound3010,1
Compound3011,0
Compound3012,1
Compound3013,0
Compound3014,0
Compound3015,1
Compound3016,0
Compound3017,0
Compound3018,0
Compound3019,1
Compound3020,0
Compound3021,0
Compound3022,1
Compound3023,1
Compound3024,0
Compound3025,0
Compound3026,1
Compound3027,1
Compound3028,1
Compound3029,0
Compound3030,0
Compound3031,0
Compound3032,0
Compound3033,0
Compound3034,0
Compound3035,1
Compound3036,1
Compound3037,1
Compound3038,1
Compound3039,1
Compound3040,0
Compound3041,0
Compound3042,1
Compound3043,0
Compound3044,1
Compound3045,1
Compound3046,1
Compound3047,1
Compound3048,1
Compound3049,0
Compound3050,1
Compound3051,1
Compound3052,1
Compound3053,0
Compound3054,1
Compound3055,1
Compound3056,1
Compound3057,1
Compound3058,1
Compound3059,1
Compound3060,1
Compound3061,1
Compound3062,1
Compound3063,1
Compound3064,1
Compound3065,1
Compound3066,1
Compound3067,1
Compound3068,1
Compound3069,1
Compound3070,0
Compound3071,0
Compound3072,1
Compound3073,1
Compound3074,1
Compound3075,1
Compound3076,1
Compound3077,1
Compound3078,1
Compound3079,1
Compound3080,1
Compound3081,1
Compound3082,1
Compound3083,0
Compound3084,1
Compound3085,1
Compound3086,1
Compound3087,0
Compound3088,1
Compound3089,1
Compound3090,1
Compound3091,1
Compound3092,1
Compound3093,0
Compound3094,1
Compound3095,1
Compound3096,1
Compound3097,1
Compound3098,0
Compound3099,1
Compound3100,0
Compound3101,1
Compound3102,1
Compound3103,0
Compound3104,1
Compound3105,1
Compound3106,1
Compound3107,1
Compound3108,0
Compound3109,0
Compound3110,0
Compound3111,1
Compound3112,0
Compound3113,1
Compound3114,1
Compound3115,1
Compound3116,1
Compound3117,0
Compound3118,1
Compound3119,0
Compound3120,1
Compound3121,1
Compound3122,1
Compound3123,1
Compound3124,1
Compound3125,1
Compound3126,0
Compound3127,0
Compound3128,1
Compound3129,0
Compound3130,1
Compound3131,1
Compound3132,1
Compound3133,1
Compound3134,1
Compound3135,0
Compound3136,0
Compound3137,1
Compound3138,0
Compound3139,0
Compound3140,1
Compound3141,1
Compound3142,1
Compound3143,1
Compound3144,1
Compound3145,1
Compound3146,0
Compound3147,1
Compound3148,1
Compound3149,1
Compound3150,1
Compound3151,1
Compound3152,0
Compound3153,1
Compound3154,0
Compound3155,1
Compound3156,1
Compound3157,1
Compound3158,1
Compound3159,1
Compound3160,0
Compound3161,0
Compound3162,0
Compound3163,1
Compound3164,1
Compound3165,1
Compound3166,0
Compound3167,1
Compound3168,1
Compound3169,1
Compound3170,1
Compound3171,1
Compound3172,1
Compound3173,1
Compound3174,1
Compound3175,1
Compound3176,0
Compound3177,1
Compound3178,1
Compound3179,1
Compound3180,0
Compound3181,0
Compound3182,1
Compound3183,1
Compound3184,1
Compound3185,1
Compound3186,1
Compound3187,0
Compound3188,1
Compound3189,1
Compound3190,1
Compound3191,1
Compound3192,1
Compound3193,1
Compound3194,0
Compound3195,0
Compound3196,1
Compound3197,1
Compound3198,1
Compound3199,0
Compound3200,0
Compound3201,1
Compound3202,1
Compound3203,1
Compound3204,1
Compound3205,1
Compound3206,1
Compound3207,0
Compound3208,1
Compound3209,1
Compound3210,0
Compound3211,1
Compound3212,1
Compound3213,0
Compound3214,1
Compound3215,0
Compound3216,0
Compound3217,1
Compound3218,1
Compound3219,1
Compound3220,0
Compound3221,1
Compound3222,0
Compound3223,0
Compound3224,1
Compound3225,1
Compound3226,0
Compound3227,1
Compound3228,1
Compound3229,1
Compound3230,1
Compound3231,1
Compound3232,1
Compound3233,1
Compound3234,1
Compound3235,1
Compound3236,1
Compound3237,0
Compound3238,1
Compound3239,0
Compound3240,0
Compound3241,1
Compound3242,1
Compound3243,1
Compound3244,0
Compound3245,0
Compound3246,1
Compound3247,1
Compound3248,1
Compound3249,1
Compound3250,0
Compound3251,0
Compound3252,1
Compound3253,1
Compound3254,1
Compound3255,1
Compound3256,1
Compound3257,0
Compound3258,0
Compound3259,1
Compound3260,1
Compound3261,0
Compound3262,0
Compound3263,1
Compound3264,1
Compound3265,0
Compound3266,1
Compound3267,0
Compound3268,1
Compound3269,0
Compound3270,1
Compound3271,1
Compound3272,1
Compound3273,1
Compound3274,1
Compound3275,1
Compound3276,0
Compound3277,1
Compound3278,1
Compound3279,1
Compound3280,1
Compound3281,1
Compound3282,1
Compound3283,1
Compound3284,1
Compound3285,1
Compound3286,1
Compound3287,1
Compound3288,1
Compound3289,1
Compound3290,1
Compound3291,1
Compound3292,1
Compound3293,0
Compound3294,1
Compound3295,1
Compound3296,1
Compound3297,0
Compound3298,1
Compound3299,1
Compound3300,1
Compound3301,0
Compound3302,1
Compound3303,1
Compound3304,1
Compound3305,1
Compound3306,1
Compound3307,1
Compound3308,1
Compound3309,1
Compound3310,1
Compound3311,1
Compound3312,1
Compound3313,0
Compound3314,0
Compound3315,1
Compound3316,1
Compound3317,1
Compound3318,1
Compound3319,1
Compound3320,0
Compound3321,1
Compound3322,1
Compound3323,0
Compound3324,1
Compound3325,1
Compound3326,1
Compound3327,1
Compound3328,1
Compound3329,1
Compound3330,1
Compound3331,1
Compound3332,1
Compound3333,1
Compound3334,1
Compound3335,1
Compound3336,1
Compound3337,1
Compound3338,1
Compound3339,1
Compound3340,0
Compound3341,0
Compound3342,1
Compound3343,1
Compound3344,0
Compound3345,1
Compound3346,0
Compound3347,0
Compound3348,1
Compound3349,1
Compound3350,0
Compound3351,1
Compound3352,0
Compound3353,0
Compound3354,1
Compound3355,0
Compound3356,1
Compound3357,1
Compound3358,1
Compound3359,0
Compound3360,1
Compound3361,0
Compound3362,1
Compound3363,0
Compound3364,1
Compound3365,1
Compound3366,1
Compound3367,0
Compound3368,1
Compound3369,1
Compound3370,1
Compound3371,1
Compound3372,1
Compound3373,1
Compound3374,1
Compound3375,0
Compound3376,0
Compound3377,0
Compound3378,0
Compound3379,1
Compound3380,0
Compound3381,0
Compound3382,1
Compound3383,0
Compound3384,1
Compound3385,1
Compound3386,0
Compound3387,1
Compound3388,1
Compound3389,1
Compound3390,1
Compound3391,0
Compound3392,1
Compound3393,0
Compound3394,1
Compound3395,1
Compound3396,0
Compound3397,0
Compound3398,0
Compound3399,1
Compound3400,1
Compound3401,1
Compound3402,1
Compound3403,1
Compound3404,1
Compound3405,0
Compound3406,1
Compound3407,1
Compound3408,1
Compound3409,1
Compound3410,0
Compound3411,1
Compound3412,0
Compound3413,0
Compound3414,1
Compound3415,1
Compound3416,1
Compound3417,1
Compound3418,1
Compound3419,1
Compound3420,1
Compound3421,1
Compound3422,0
Compound3423,1
Compound3424,0
Compound3425,1
Compound3426,0
Compound3427,1
Compound3428,1
Compound3429,1
Compound3430,1
Compound3431,1
Compound3432,1
Compound3433,1
Compound3434,1
Compound3435,1
Compound3436,1
Compound3437,1
Compound3438,0
Compound3439,0
Compound3440,0
Compound3441,0
Compound3442,1
Compound3443,1
Compound3444,1
Compound3445,1
Compound3446,1
Compound3447,1
Compound3448,0
Compound3449,1
Compound3450,0
Compound3451,1
Compound3452,1
Compound3453,0
Compound3454,0
Compound3455,1
Compound3456,1
Compound3457,0
Compound3458,1
Compound3459,1
Compound3460,1
Compound3461,1
Compound3462,1
Compound3463,1
Compound3464,1
Compound3465,0
Compound3466,0
Compound3467,0
Compound3468,1
Compound3469,0
Compound3470,1
Compound3471,0
Compound3472,1
Compound3473,1
Compound3474,0
Compound3475,0
Compound3476,1
Compound3477,1
Compound3478,0
Compound3479,0
Compound3480,0
Compound3481,0
Compound3482,1
Compound3483,1
Compound3484,1
Compound3485,0
Compound3486,1
Compound3487,1
Compound3488,1
Compound3489,1
Compound3490,1
Compound3491,0
Compound3492,1
Compound3493,1
Compound3494,1
Compound3495,0
Compound3496,1
Compound3497,1
Compound3498,1
Compound3499,0
Compound3500,1
Compound3501,1
Compound3502,0
Compound3503,1
Compound3504,1
Compound3505,1
Compound3506,1
Compound3507,1
Compound3508,1
Compound3509,1
Compound3510,0
Compound3511,1
Compound3512,1
Compound3513,1
Compound3514,0
Compound3515,1
Compound3516,1
Compound3517,1
Compound3518,1
Compound3519,1
Compound3520,1
Compound3521,1
Compound3522,0
Compound3523,0
Compound3524,1
Compound3525,1
Compound3526,0
Compound3527,1
Compound3528,0
Compound3529,1
Compound3530,0
Compound3531,0
Compound3532,1
Compound3533,1
Compound3534,1
Compound3535,1
Compound3536,1
Compound3537,1
Compound3538,1
Compound3539,1
Compound3540,0
Compound3541,0
Compound3542,0
Compound3543,1
Compound3544,1
Compound3545,1
Compound3546,1
Compound3547,1
Compound3548,1
Compound3549,1
Compound3550,1
Compound3551,1
Compound3552,0
Compound3553,1
Compound3554,1
Compound3555,0
Compound3556,0
Compound3557,1
Compound3558,0
Compound3559,0
Compound3560,1
Compound3561,0
Compound3562,1
Compound3563,1
Compound3564,0
Compound3565,1
Compound3566,0
Compound3567,1
Compound3568,1
Compound3569,1
Compound3570,1
Compound3571,1
Compound3572,1
Compound3573,0
Compound3574,1
Compound3575,1
Compound3576,1
Compound3577,1
Compound3578,1
Compound3579,1
Compound3580,1
Compound3581,1
Compound3582,0
Compound3583,1
Compound3584,1
Compound3585,1
Compound3586,1
Compound3587,1
Compound3588,1
Compound3589,1
Compound3590,1
Compound3591,1
Compound3592,1
Compound3593,0
Compound3594,1
Compound3595,1
Compound3596,0
Compound3597,0
Compound3598,0
Compound3599,0
Compound3600,1
Compound3601,0
Compound3602,1
Compound3603,0
Compound3604,0
Compound3605,0
Compound3606,1
Compound3607,0
Compound3608,0
Compound3609,1
Compound3610,1
Compound3611,0
Compound3612,0
Compound3613,1
Compound3614,0
Compound3615,0
Compound3616,0
Compound3617,1
Compound3618,0
Compound3619,1
Compound3620,1
Compound3621,1
Compound3622,1
Compound3623,1
Compound3624,1
Compound3625,0
Compound3626,1
Compound3627,1
Compound3628,0
Compound3629,1
Compound3630,1
Compound3631,1
Compound3632,1
Compound3633,1
Compound3634,1
Compound3635,1
Compound3636,1
Compound3637,1
Compound3638,1
Compound3639,0
Compound3640,0
Compound3641,1
Compound3642,0
Compound3643,1
Compound3644,0
Compound3645,0
Compound3646,1
Compound3647,1
Compound3648,0
Compound3649,1
Compound3650,1
Compound3651,1
Compound3652,0
Compound3653,0
Compound3654,0
Compound3655,1
Compound3656,1
Compound3657,0
Compound3658,1
Compound3659,0
Compound3660,1
Compound3661,1
Compound3662,1
Compound3663,0
Compound3664,1
Compound3665,1
Compound3666,1
Compound3667,1
Compound3668,1
Compound3669,0
Compound3670,0
Compound3671,0
Compound3672,1
Compound3673,1
Compound3674,1
Compound3675,1
Compound3676,1
Compound3677,1
Compound3678,1
Compound3679,1
Compound3680,0
Compound3681,0
Compound3682,1
Compound3683,1
Compound3684,1
Compound3685,1
Compound3686,1
Compound3687,1
Compound3688,0
Compound3689,0
Compound3690,1
Compound3691,1
Compound3692,1
Compound3693,1
Compound3694,1
Compound3695,1
Compound3696,1
Compound3697,1
Compound3698,1
Compound3699,1
Compound3700,1
Compound3701,1
Compound3702,1
Compound3703,0
Compound3704,1
Compound3705,1
Compound3706,1
Compound3707,1
Compound3708,1
Compound3709,1
Compound3710,1
Compound3711,1
Compound3712,1
Compound3713,1
Compound3714,1
Compound3715,1
Compound3716,0
Compound3717,0
Compound3718,1
Compound3719,1
Compound3720,0
Compound3721,0
Compound3722,1
Compound3723,0
Compound3724,1
Compound3725,1
Compound3726,1
Compound3727,1
Compound3728,1
Compound3729,0
Compound3730,1
Compound3731,0
Compound3732,1
Compound3733,1
Compound3734,1
Compound3735,0
Compound3736,1
Compound3737,1
Compound3738,0
Compound3739,1
Compound3740,1
Compound3741,1
Compound3742,1
Compound3743,1
Compound3744,0
Compound3745,1
Compound3746,1
Compound3747,1
Compound3748,1
Compound3749,1
Compound3750,0
Compound3751,1
Compound3752,1
Compound3753,0
Compound3754,1
Compound3755,0
Compound3756,1
Compound3757,1
Compound3758,1
Compound3759,0
Compound3760,0
Compound3761,1
Compound3762,1
Compound3763,1
Compound3764,0
Compound3765,1
Compound3766,1
Compound3767,1
Compound3768,1
Compound3769,1
Compound3770,1
Compound3771,1
Compound3772,1
Compound3773,1
Compound3774,0
Compound3775,1
Compound3776,1
Compound3777,1
Compound3778,1
Compound3779,1
Compound3780,1
Compound3781,1
Compound3782,1
Compound3783,1
Compound3784,1
Compound3785,1
Compound3786,1
Compound3787,1
Compound3788,1
Compound3789,1
Compound3790,1
Compound3791,1
Compound3792,1
Compound3793,1
Compound3794,1
Compound3795,1
Compound3796,1
Compound3797,1
Compound3798,1
Compound3799,1
Compound3800,1
Compound3801,1
Compound3802,1
Compound3803,0
Compound3804,0
Compound3805,1
Compound3806,0
Compound3807,0
Compound3808,1
Compound3809,1
Compound3810,0
Compound3811,1
Compound3812,1
Compound3813,1
Compound3814,0
Compound3815,1
Compound3816,1
Compound3817,0
Compound3818,1
Compound3819,1
Compound3820,1
Compound3821,1
Compound3822,1
Compound3823,0
Compound3824,1
Compound3825,0
Compound3826,1
Compound3827,1
Compound3828,0
Compound3829,1
Compound3830,0
Compound3831,1
Compound3832,0
Compound3833,1
Compound3834,1
Compound3835,0
Compound3836,1
Compound3837,1
Compound3838,1
Compound3839,0
Compound3840,1
Compound3841,0
Compound3842,0
Compound3843,1
Compound3844,1
Compound3845,0
Compound3846,1
Compound3847,0
Compound3848,0
Compound3849,0
Compound3850,0
Compound3851,1
Compound3852,1
Compound3853,1
Compound3854,1
Compound3855,1
Compound3856,1
Compound3857,1
Compound3858,1
Compound3859,0
Compound3860,1
Compound3861,1
Compound3862,1
Compound3863,1
Compound3864,0
Compound3865,1
Compound3866,1
Compound3867,1
Compound3868,0
Compound3869,1
Compound3870,0
Compound3871,0
Compound3872,1
Compound3873,0
Compound3874,1
Compound3875,1
Compound3876,0
Compound3877,1
Compound3878,0
Compound3879,0
Compound3880,1
Compound3881,1
Compound3882,1
Compound3883,1
Compound3884,1
Compound3885,1
Compound3886,1
Compound3887,1
Compound3888,0
Compound3889,1
Compound3890,1
Compound3891,1
Compound3892,1
Compound3893,1
Compound3894,0
Compound3895,1
Compound3896,1
Compound3897,1
Compound3898,1
Compound3899,1
Compound3900,0
Compound3901,1
Compound3902,0
Compound3903,1
Compound3904,1
Compound3905,1
Compound3906,1
Compound3907,1
Compound3908,0
Compound3909,1
Compound3910,1
Compound3911,1
Compound3912,1
Compound3913,1
Compound3914,0
Compound3915,1
Compound3916,1
Compound3917,1
Compound3918,1
Compound3919,1
Compound3920,1
Compound3921,0
Compound3922,1
Compound3923,0
Compound3924,1
Compound3925,1
Compound3926,1
Compound3927,1
Compound3928,0
Compound3929,1
Compound3930,1
Compound3931,0
Compound3932,1
Compound3933,1
Compound3934,0
Compound3935,1
Compound3936,1
Compound3937,0
Compound3938,1
Compound3939,1
Compound3940,1
Compound3941,1
Compound3942,0
Compound3943,1
Compound3944,0
Compound3945,1
Compound3946,1
Compound3947,0
Compound3948,0
Compound3949,1
Compound3950,1
Compound3951,0
Compound3952,1
Compound3953,1
Compound3954,1
Compound3955,1
Compound3956,1
Compound3957,1
Compound3958,1
Compound3959,1
Compound3960,0
Compound3961,0
Compound3962,1
Compound3963,0
Compound3964,1
Compound3965,1
Compound3966,1
Compound3967,0
Compound3968,0
Compound3969,0
Compound3970,1
Compound3971,1
Compound3972,1
Compound3973,0
Compound3974,1
Compound3975,1
Compound3976,1
Compound3977,1
Compound3978,1
Compound3979,1
Compound3980,1
Compound3981,1
Compound3982,1
Compound3983,1
Compound3984,0
Compound3985,0
Compound3986,1
Compound3987,1
Compound3988,1
Compound3989,1
Compound3990,1
Compound3991,0
Compound3992,0
Compound3993,0
Compound3994,0
Compound3995,1
Compound3996,1
Compound3997,0
Compound3998,1
Compound3999,1
Compound4000,1
Compound4001,1
Compound4002,1
Compound4003,1
Compound4004,1
Compound4005,1
Compound4006,1
Compound4007,1
Compound4008,1
Compound4009,0
Compound4010,1
Compound4011,1
Compound4012,1
Compound4013,1
Compound4014,1
Compound4015,1
Compound4016,1
Compound4017,1
Compound4018,1
Compound4019,1
Compound4020,1
Compound4021,1
Compound4022,1
Compound4023,0
Compound4024,1
Compound4025,1
Compound4026,1
Compound4027,0
Compound4028,1
Compound4029,1
Compound4030,0
Compound4031,0
Compound4032,1
Compound4033,1
Compound4034,1
Compound4035,1
Compound4036,1
Compound4037,1
Compound4038,1
Compound4039,0
Compound4040,1
Compound4041,0
Compound4042,0
Compound4043,0
Compound4044,0
Compound4045,1
Compound4046,0
Compound4047,1
Compound4048,1
Compound4049,1
Compound4050,1
Compound4051,0
Compound4052,1
Compound4053,1
Compound4054,0
Compound4055,1
Compound4056,1
Compound4057,0
Compound4058,1
Compound4059,1
Compound4060,1
Compound4061,1
Compound4062,1
Compound4063,0
Compound4064,1
Compound4065,1
Compound4066,1
Compound4067,0
Compound4068,1
Compound4069,1
Compound4070,0
Compound4071,1
Compound4072,1
Compound4073,1
Compound4074,1
Compound4075,1
Compound4076,1
Compound4077,1
Compound4078,1
Compound4079,0
Compound4080,1
Compound4081,1
Compound4082,1
Compound4083,1
Compound4084,1
Compound4085,1
Compound4086,0
Compound4087,1
Compound4088,1
Compound4089,0
Compound4090,1
Compound4091,0
Compound4092,1
Compound4093,1
Compound4094,1
Compound4095,0
Compound4096,0
Compound4097,1
Compound4098,1
Compound4099,0
Compound4100,1
Compound4101,0
Compound4102,1
Compound4103,0
Compound4104,1
Compound4105,1
Compound4106,1
Compound4107,1
Compound4108,1
Compound4109,0
Compound4110,0
Compound4111,1
Compound4112,1
Compound4113,1
Compound4114,1
Compound4115,1
Compound4116,0
Compound4117,1
Compound4118,1
Compound4119,1
Compound4120,1
Compound4121,0
Compound4122,0
Compound4123,0
Compound4124,0
Compound4125,0
Compound4126,1
Compound4127,1
Compound4128,1
Compound4129,1
Compound4130,1
Compound4131,1
Compound4132,1
Compound4133,1
Compound4134,1
Compound4135,1
Compound4136,1
Compound4137,1
Compound4138,1
Compound4139,1
Compound4140,0
Compound4141,1
Compound4142,1
Compound4143,1
Compound4144,1
Compound4145,1
Compound4146,1
Compound4147,1
Compound4148,0
Compound4149,1
Compound4150,1
Compound4151,1
Compound4152,0
Compound4153,0
Compound4154,1
Compound4155,1
Compound4156,1
Compound4157,0
Compound4158,1
Compound4159,1
Compound4160,1
Compound4161,1
Compound4162,1
Compound4163,1
Compound4164,0
Compound4165,1
Compound4166,1
Compound4167,0
Compound4168,1
Compound4169,1
Compound4170,0
Compound4171,1
Compound4172,1
Compound4173,0
Compound4174,1
Compound4175,0
Compound4176,1
Compound4177,1
Compound4178,0
Compound4179,1
Compound4180,1
Compound4181,1
Compound4182,1
Compound4183,0
Compound4184,1
Compound4185,0
Compound4186,1
Compound4187,1
Compound4188,0
Compound4189,0
Compound4190,1
Compound4191,0
Compound4192,1
Compound4193,1
Compound4194,1
Compound4195,1
Compound4196,1
Compound4197,1
Compound4198,1
Compound4199,1
Compound4200,0
Compound4201,1
Compound4202,1
Compound4203,0
Compound4204,1
Compound4205,1
Compound4206,1
Compound4207,1
Compound4208,1
Compound4209,1
Compound4210,1
Compound4211,1
Compound4212,1
Compound4213,0
Compound4214,1
Compound4215,0
Compound4216,0
Compound4217,1
Compound4218,1
Compound4219,1
Compound4220,1
Compound4221,1
Compound4222,0
Compound4223,1
Compound4224,1
Compound4225,0
Compound4226,0
Compound4227,1
Compound4228,1
Compound4229,1
Compound4230,1
Compound4231,1
Compound4232,1
Compound4233,1
Compound4234,1
Compound4235,1
Compound4236,1
Compound4237,0
Compound4238,1
Compound4239,1
Compound4240,1
Compound4241,1
Compound4242,1
Compound4243,1
Compound4244,1
Compound4245,0
Compound4246,0
Compound4247,1
Compound4248,1
Compound4249,0
Compound4250,1
Compound4251,0
Compound4252,0
Compound4253,1
Compound4254,1
Compound4255,1
Compound4256,1
Compound4257,1
Compound4258,1
Compound4259,1
Compound4260,1
Compound4261,1
Compound4262,1
Compound4263,0
Compound4264,1
Compound4265,1
Compound4266,1
Compound4267,1
Compound4268,1
Compound4269,0
Compound4270,0
Compound4271,1
Compound4272,1
Compound4273,1
Compound4274,1
Compound4275,1
Compound4276,0
Compound4277,1
Compound4278,1
Compound4279,1
Compound4280,0
Compound4281,1
Compound4282,1
Compound4283,1
Compound4284,1
Compound4285,1
Compound4286,1
Compound4287,0
Compound4288,0
Compound4289,1
Compound4290,0
Compound4291,1
Compound4292,0
Compound4293,0
Compound4294,1
Compound4295,1
Compound4296,1
Compound4297,0
Compound4298,1
Compound4299,1
Compound4300,0
Compound4301,0
Compound4302,1
Compound4303,1
Compound4304,1
Compound4305,1
Compound4306,1
Compound4307,1
Compound4308,1
Compound4309,1
Compound4310,0
Compound4311,1
Compound4312,1
Compound4313,1
Compound4314,1
Compound4315,1
Compound4316,1
Compound4317,0
Compound4318,1
Compound4319,1
Compound4320,1
Compound4321,1
Compound4322,0
Compound4323,1
Compound4324,1
Compound4325,0
Compound4326,0
Compound4327,1
Compound4328,1
Compound4329,1
Compound4330,1
Compound4331,1
Compound4332,1
Compound4333,1
Compound4334,1
Compound4335,1
Compound4336,0
Compound4337,1
Compound4338,1
Compound4339,1
Compound4340,1
Compound4341,1
Compound4342,1
Compound4343,1
Compound4344,1
Compound4345,1
Compound4346,1
Compound4347,1
Compound4348,1
Compound4349,1
Compound4350,0
Compound4351,1
Compound4352,1
Compound4353,0
Compound4354,1
Compound4355,1
Compound4356,1
Compound4357,1
Compound4358,1
Compound4359,1
Compound4360,1
Compound4361,1
Compound4362,1
Compound4363,0
Compound4364,1
Compound4365,1
Compound4366,1
Compound4367,1
Compound4368,1
Compound4369,1
Compound4370,1
Compound4371,1
Compound4372,1
Compound4373,1
Compound4374,1
Compound4375,1
Compound4376,1
Compound4377,1
Compound4378,1
Compound4379,1
Compound4380,1
Compound4381,0
Compound4382,0
Compound4383,1
Compound4384,1
Compound4385,0
Compound4386,0
Compound4387,1
Compound4388,1
Compound4389,1
Compound4390,1
Compound4391,1
Compound4392,1
Compound4393,1
Compound4394,1
Compound4395,1
Compound4396,0
Compound4397,1
Compound4398,1
Compound4399,1
Compound4400,1
Compound4401,1
Compound4402,1
Compound4403,1
Compound4404,0
Compound4405,0
Compound4406,1
Compound4407,1
Compound4408,1
Compound4409,1
Compound4410,1
Compound4411,1
Compound4412,1
Compound4413,0
Compound4414,1
Compound4415,0
Compound4416,1
Compound4417,1
Compound4418,0
Compound4419,0
Compound4420,1
Compound4421,1
Compound4422,0
Compound4423,0
Compound4424,0
Compound4425,1
Compound4426,0
Compound4427,1
Compound4428,1
Compound4429,1
Compound4430,1
Compound4431,1
Compound4432,1
Compound4433,1
Compound4434,1
Compound4435,1
Compound4436,0
Compound4437,1
Compound4438,1
Compound4439,1
Compound4440,0
Compound4441,1
Compound4442,1
Compound4443,1
Compound4444,1
Compound4445,1
Compound4446,1
Compound4447,1
Compound4448,0
Compound4449,1
Compound4450,1
Compound4451,1
Compound4452,1
Compound4453,0
Compound4454,1
Compound4455,0
Compound4456,1
Compound4457,1
Compound4458,1
Compound4459,1
Compound4460,1
Compound4461,1
Compound4462,0
Compound4463,0
Compound4464,1
Compound4465,1
Compound4466,1
Compound4467,1
Compound4468,1
Compound4469,1
Compound4470,1
Compound4471,1
Compound4472,1
Compound4473,1
Compound4474,0
Compound4475,0
Compound4476,1
Compound4477,1
Compound4478,1
Compound4479,1
Compound4480,0
Compound4481,1
Compound4482,1
Compound4483,1
Compound4484,0
Compound4485,0
Compound4486,1
Compound4487,1
Compound4488,0
Compound4489,1
Compound4490,1
Compound4491,0
Compound4492,1
Compound4493,1
Compound4494,1
Compound4495,0
Compound4496,0
Compound4497,1
Compound4498,0
Compound4499,1
Compound4500,1
Compound4501,1
Compound4502,1
Compound4503,0
Compound4504,0
Compound4505,1
Compound4506,1
Compound4507,1
Compound4508,0
Compound4509,1
Compound4510,0
Compound4511,1
Compound4512,0
Compound4513,1
Compound4514,1
Compound4515,1
Compound4516,1
Compound4517,1
Compound4518,1
Compound4519,0
Compound4520,1
Compound4521,1
Compound4522,1
Compound4523,0
Compound4524,0
Compound4525,1
Compound4526,1
Compound4527,1
Compound4528,0
Compound4529,1
Compound4530,0
Compound4531,1
Compound4532,1
Compound4533,1
Compound4534,1
Compound4535,1
Compound4536,1
Compound4537,1
Compound4538,1
Compound4539,1
Compound4540,0
Compound4541,1
Compound4542,1
Compound4543,1
Compound4544,0
Compound4545,1
Compound4546,1
Compound4547,0
Compound4548,1
Compound4549,1
Compound4550,1
Compound4551,1
Compound4552,0
Compound4553,0
Compound4554,1
Compound4555,1
Compound4556,1
Compound4557,0
Compound4558,1
Compound4559,1
Compound4560,1
Compound4561,1
Compound4562,1
Compound4563,0
Compound4564,0
Compound4565,0
Compound4566,1
Compound4567,1
Compound4568,0
Compound4569,1
Compound4570,1
Compound4571,1
Compound4572,0
Compound4573,1
Compound4574,1
Compound4575,1
Compound4576,0
Compound4577,1
Compound4578,1
Compound4579,1
Compound4580,0
Compound4581,1
Compound4582,1
Compound4583,0
Compound4584,1
Compound4585,1
Compound4586,1
Compound4587,0
Compound4588,0
Compound4589,1
Compound4590,1
Compound4591,1
Compound4592,1
Compound4593,1
Compound4594,1
Compound4595,0
Compound4596,0
Compound4597,1
Compound4598,1
Compound4599,1
Compound4600,1
Compound4601,1
Compound4602,1
Compound4603,1
Compound4604,0
Compound4605,1
Compound4606,1
Compound4607,1
Compound4608,0
Compound4609,1
Compound4610,1
Compound4611,1
Compound4612,1
Compound4613,1
Compound4614,1
Compound4615,1
Compound4616,1
Compound4617,1
Compound4618,1
Compound4619,1
Compound4620,1
Compound4621,1
Compound4622,1
Compound4623,1
Compound4624,0
Compound4625,0
Compound4626,0
Compound4627,0
Compound4628,0
Compound4629,1
Compound4630,0
Compound4631,1
Compound4632,0
Compound4633,0
Compound4634,1
Compound4635,0
Compound4636,1
Compound4637,1
Compound4638,1
Compound4639,0
Compound4640,1
Compound4641,1
Compound4642,0
Compound4643,1
Compound4644,1
Compound4645,1
Compound4646,1
Compound4647,1
Compound4648,1
Compound4649,1
Compound4650,1
Compound4651,1
Compound4652,1
Compound4653,1
Compound4654,1
Compound4655,1
Compound4656,0
Compound4657,0
Compound4658,1
Compound4659,1
Compound4660,1
Compound4661,1
Compound4662,1
Compound4663,1
Compound4664,1
Compound4665,1
Compound4666,1
Compound4667,0
Compound4668,1
Compound4669,1
Compound4670,0
Compound4671,1
Compound4672,0
Compound4673,0
Compound4674,1
Compound4675,1
Compound4676,1
Compound4677,0
Compound4678,1
Compound4679,0
Compound4680,0
Compound4681,0
Compound4682,0
Compound4683,1
Compound4684,1
Compound4685,1
Compound4686,1
Compound4687,1
Compound4688,0
Compound4689,1
Compound4690,0
Compound4691,1
Compound4692,1
Compound4693,1
Compound4694,1
Compound4695,1
Compound4696,1
Compound4697,1
Compound4698,1
Compound4699,0
Compound4700,1
Compound4701,1
Compound4702,0
Compound4703,1
Compound4704,1
Compound4705,0
Compound4706,1
Compound4707,0
Compound4708,1
Compound4709,1
Compound4710,1
Compound4711,0
Compound4712,1
Compound4713,1
Compound4714,0
Compound4715,1
Compound4716,0
Compound4717,1
Compound4718,1
Compound4719,1
Compound4720,1
Compound4721,1
Compound4722,1
Compound4723,0
Compound4724,1
Compound4725,1
Compound4726,1
Compound4727,1
Compound4728,0
Compound4729,1
Compound4730,1
Compound4731,1
Compound4732,1
Compound4733,1
Compound4734,1
Compound4735,1
Compound4736,1
Compound4737,1
Compound4738,1
Compound4739,1
Compound4740,1
Compound4741,0
Compound4742,0
Compound4743,1
Compound4744,1
Compound4745,1
Compound4746,1
Compound4747,0
Compound4748,0
Compound4749,1
Compound4750,0
Compound4751,1
Compound4752,1
Compound4753,1
Compound4754,1
Compound4755,1
Compound4756,1
Compound4757,0
Compound4758,1
Compound4759,0
Compound4760,1
Compound4761,0
Compound4762,1
Compound4763,1
Compound4764,0
Compound4765,0
Compound4766,0
Compound4767,1
Compound4768,0
Compound4769,0
Compound4770,1
Compound4771,0
Compound4772,1
Compound4773,1
Compound4774,1
Compound4775,1
Compound4776,1
Compound4777,1
Compound4778,1
Compound4779,0
Compound4780,1
Compound4781,1
Compound4782,1
Compound4783,1
Compound4784,0
Compound4785,1
Compound4786,1
Compound4787,1
Compound4788,1
Compound4789,1
Compound4790,1
Compound4791,0
Compound4792,1
Compound4793,1
Compound4794,1
Compound4795,1
Compound4796,1
Compound4797,1
Compound4798,1
Compound4799,0
Compound4800,1
Compound4801,0
Compound4802,1
Compound4803,1
Compound4804,1
Compound4805,0
Compound4806,1
Compound4807,0
Compound4808,1
Compound4809,1
Compound4810,1
Compound4811,1
Compound4812,1
Compound4813,1
Compound4814,1
Compound4815,1
Compound4816,1
Compound4817,1
Compound4818,0
Compound4819,1
Compound4820,0
Compound4821,1
Compound4822,1
Compound4823,1
Compound4824,1
Compound4825,1
Compound4826,0
Compound4827,1
Compound4828,1
Compound4829,0
Compound4830,0
Compound4831,0
Compound4832,1
Compound4833,1
Compound4834,0
Compound4835,1
Compound4836,1
Compound4837,1
Compound4838,0
Compound4839,1
Compound4840,1
Compound4841,1
Compound4842,1
Compound4843,1
Compound4844,1
Compound4845,0
Compound4846,0
Compound4847,0
Compound4848,1
Compound4849,0
Compound4850,0
Compound4851,0
Compound4852,0
Compound4853,0
Compound4854,0
Compound4855,1
Compound4856,0
Compound4857,1
Compound4858,1
Compound4859,0
Compound4860,1
Compound4861,1
Compound4862,1
Compound4863,1
Compound4864,1
Compound4865,1
Compound4866,1
Compound4867,1
Compound4868,1
Compound4869,1
Compound4870,1
Compound4871,1
Compound4872,1
Compound4873,1
Compound4874,1
Compound4875,1
Compound4876,0
Compound4877,0
Compound4878,0
Compound4879,1
Compound4880,1
Compound4881,1
Compound4882,0
Compound4883,0
Compound4884,1
Compound4885,1
Compound4886,1
Compound4887,1
Compound4888,1
Compound4889,1
Compound4890,1
Compound4891,1
Compound4892,0
Compound4893,1
Compound4894,1
Compound4895,1
Compound4896,1
Compound4897,1
Compound4898,1
Compound4899,1
Compound4900,1
Compound4901,0
Compound4902,1
Compound4903,1
Compound4904,1
Compound4905,1
Compound4906,1
Compound4907,1
Compound4908,1
Compound4909,1
Compound4910,1
Compound4911,0
Compound4912,0
Compound4913,1
Compound4914,1
Compound4915,1
Compound4916,1
Compound4917,0
Compound4918,1
Compound4919,1
Compound4920,0
Compound4921,0
Compound4922,0
Compound4923,1
Compound4924,1
Compound4925,1
Compound4926,0
Compound4927,0
Compound4928,1
Compound4929,1
Compound4930,1
Compound4931,1
Compound4932,0
Compound4933,1
Compound4934,1
Compound4935,1
Compound4936,1
Compound4937,1
Compound4938,1
Compound4939,0
Compound4940,0
Compound4941,1
Compound4942,0
Compound4943,1
Compound4944,1
Compound4945,1
Compound4946,1
Compound4947,0
Compound4948,0
Compound4949,1
Compound4950,1
Compound4951,0
Compound4952,0
Compound4953,1
Compound4954,0
Compound4955,1
Compound4956,1
Compound4957,1
Compound4958,1
Compound4959,0
Compound4960,1
Compound4961,1
Compound4962,1
Compound4963,0
Compound4964,1
Compound4965,0
Compound4966,1
Compound4967,1
Compound4968,1
Compound4969,1
Compound4970,0
Compound4971,1
Compound4972,1
Compound4973,1
Compound4974,1
Compound4975,1
Compound4976,1
Compound4977,1
Compound4978,0
Compound4979,0
Compound4980,1
Compound4981,0
Compound4982,1
Compound4983,1
Compound4984,1
Compound4985,1
Compound4986,0
Compound4987,1
Compound4988,1
Compound4989,0
Compound4990,0
Compound4991,0
Compound4992,1
Compound4993,0
Compound4994,1
Compound4995,1
Compound4996,1
Compound4997,1
Compound4998,1
Compound4999,0
Compound5000,1
Compound5001,0
Compound5002,1
Compound5003,1
Compound5004,1
Compound5005,0
Compound5006,1
Compound5007,1
Compound5008,0
Compound5009,1
Compound5010,1
Compound5011,1
Compound5012,1
Compound5013,1
Compound5014,1
Compound5015,1
Compound5016,1
Compound5017,1
Compound5018,0
Compound5019,1
Compound5020,1
Compound5021,1
Compound5022,0
Compound5023,1
Compound5024,1
Compound5025,1
Compound5026,1
Compound5027,1
Compound5028,1
Compound5029,0
Compound5030,1
Compound5031,1
Compound5032,0
Compound5033,1
Compound5034,1
Compound5035,1
Compound5036,0
Compound5037,0
Compound5038,1
Compound5039,1
Compound5040,1
Compound5041,1
Compound5042,1
Compound5043,1
Compound5044,1
Compound5045,0
Compound5046,1
Compound5047,1
Compound5048,1
Compound5049,0
Compound5050,1
Compound5051,1
Compound5052,0
Compound5053,1
Compound5054,1
Compound5055,0
Compound5056,1
Compound5057,1
Compound5058,1
Compound5059,0
Compound5060,1
Compound5061,1
Compound5062,0
Compound5063,1
Compound5064,1
Compound5065,0
Compound5066,1
Compound5067,1
Compound5068,1
Compound5069,0
Compound5070,0
Compound5071,1
Compound5072,1
Compound5073,0
Compound5074,0
Compound5075,1
Compound5076,0
Compound5077,1
Compound5078,0
Compound5079,0
Compound5080,0
Compound5081,1
Compound5082,1
Compound5083,1
Compound5084,1
Compound5085,1
Compound5086,1
Compound5087,1
Compound5088,1
Compound5089,1
Compound5090,1
Compound5091,1
Compound5092,1
Compound5093,1
Compound5094,1
Compound5095,1
Compound5096,1
Compound5097,1
Compound5098,1
Compound5099,1
Compound5100,0
Compound5101,1
Compound5102,0
Compound5103,1
Compound5104,1
Compound5105,1
Compound5106,1
Compound5107,1
Compound5108,1
Compound5109,1
Compound5110,1
Compound5111,1
Compound5112,0
Compound5113,1
Compound5114,1
Compound5115,1
Compound5116,1
Compound5117,0
Compound5118,1
Compound5119,0
Compound5120,1
Compound5121,1
Compound5122,1
Compound5123,0
Compound5124,1
Compound5125,1
Compound5126,1
Compound5127,0
Compound5128,1
Compound5129,1
Compound5130,0
Compound5131,1
Compound5132,1
Compound5133,0
Compound5134,1
Compound5135,1
Compound5136,1
Compound5137,1
Compound5138,1
Compound5139,1
Compound5140,0
Compound5141,1
Compound5142,1
Compound5143,1
Compound5144,1
Compound5145,1
Compound5146,1
Compound5147,1
Compound5148,0
Compound5149,0
Compound5150,0
Compound5151,0
Compound5152,1
Compound5153,0
Compound5154,1
Compound5155,1
Compound5156,1
Compound5157,1
Compound5158,1
Compound5159,0
Compound5160,1
Compound5161,1
Compound5162,0
Compound5163,1
Compound5164,1
Compound5165,1
Compound5166,0
Compound5167,1
Compound5168,1
Compound5169,1
Compound5170,1
Compound5171,0
Compound5172,1
Compound5173,1
Compound5174,1
Compound5175,1
Compound5176,1
Compound5177,1
Compound5178,1
Compound5179,1
Compound5180,0
Compound5181,1
Compound5182,1
Compound5183,1
Compound5184,1
Compound5185,1
Compound5186,1
Compound5187,1
Compound5188,0
Compound5189,1
Compound5190,0
Compound5191,1
Compound5192,1
Compound5193,1
Compound5194,1
Compound5195,1
Compound5196,1
Compound5197,1
Compound5198,1
Compound5199,1
Compound5200,1
Compound5201,0
Compound5202,1
Compound5203,1
Compound5204,1
Compound5205,1
Compound5206,1
Compound5207,1
Compound5208,1
Compound5209,1
Compound5210,1
Compound5211,1
Compound5212,1
Compound5213,1
Compound5214,1
Compound5215,1
Compound5216,0
Compound5217,1
Compound5218,0
Compound5219,1
Compound5220,1
Compound5221,1
Compound5222,0
Compound5223,0
Compound5224,1
Compound5225,1
Compound5226,1
Compound5227,0
Compound5228,0
Compound5229,1
Compound5230,0
Compound5231,0
Compound5232,1
Compound5233,1
Compound5234,1
Compound5235,1
Compound5236,0
Compound5237,1
Compound5238,0
Compound5239,1
Compound5240,1
Compound5241,1
Compound5242,1
Compound5243,1
Compound5244,1
Compound5245,1
Compound5246,0
Compound5247,1
Compound5248,1
Compound5249,0
Compound5250,1
Compound5251,1
Compound5252,1
Compound5253,1
Compound5254,1
Compound5255,1
Compound5256,0
Compound5257,0
Compound5258,1
Compound5259,1
Compound5260,1
Compound5261,1
Compound5262,1
Compound5263,1
Compound5264,0
Compound5265,1
Compound5266,1
Compound5267,1
Compound5268,1
Compound5269,1
Compound5270,0
Compound5271,1
Compound5272,1
Compound5273,1
Compound5274,1
Compound5275,0
Compound5276,1
Compound5277,0
Compound5278,1
Compound5279,1
Compound5280,1
Compound5281,0
Compound5282,1
Compound5283,0
Compound5284,1
Compound5285,1
Compound5286,0
Compound5287,0
Compound5288,1
Compound5289,1
Compound5290,1
Compound5291,1
Compound5292,1
Compound5293,1
Compound5294,1
Compound5295,0
Compound5296,0
Compound5297,0
Compound5298,1
Compound5299,1
Compound5300,1
Compound5301,1
Compound5302,1
Compound5303,1
Compound5304,1
Compound5305,1
Compound5306,1
Compound5307,1
Compound5308,1
Compound5309,1
Compound5310,1
Compound5311,1
Compound5312,1
Compound5313,1
Compound5314,1
Compound5315,1
Compound5316,0
Compound5317,1
Compound5318,1
Compound5319,1
Compound5320,1
Compound5321,0
Compound5322,1
Compound5323,1
Compound5324,0
Compound5325,1
Compound5326,0
Compound5327,1
Compound5328,0
Compound5329,1
Compound5330,1
Compound5331,1
Compound5332,1
Compound5333,1
Compound5334,1
Compound5335,1
Compound5336,0
Compound5337,0
Compound5338,0
Compound5339,0
Compound5340,1
Compound5341,1
Compound5342,1
Compound5343,1
Compound5344,1
Compound5345,1
Compound5346,0
Compound5347,1
Compound5348,1
Compound5349,1
Compound5350,1
Compound5351,0
Compound5352,1
Compound5353,0
Compound5354,1
Compound5355,1
Compound5356,1
Compound5357,1
Compound5358,1
Compound5359,1
Compound5360,0
Compound5361,0
Compound5362,0
Compound5363,1
Compound5364,0
Compound5365,1
Compound5366,1
Compound5367,1
Compound5368,1
Compound5369,1
Compound5370,1
Compound5371,0
Compound5372,1
Compound5373,1
Compound5374,1
Compound5375,1
Compound5376,1
Compound5377,0
Compound5378,1
Compound5379,1
Compound5380,1
Compound5381,1
Compound5382,1
Compound5383,1
Compound5384,1
Compound5385,1
Compound5386,1
Compound5387,1
Compound5388,0
Compound5389,1
Compound5390,1
Compound5391,1
Compound5392,1
Compound5393,1
Compound5394,1
Compound5395,1
Compound5396,0
Compound5397,1
Compound5398,1
Compound5399,1
Compound5400,0
Compound5401,1
Compound5402,1
Compound5403,0
Compound5404,1
Compound5405,0
Compound5406,1
Compound5407,1
Compound5408,1
Compound5409,1
Compound5410,1
Compound5411,1
Compound5412,0
Compound5413,1
Compound5414,0
Compound5415,1
Compound5416,1
Compound5417,0
Compound5418,1
Compound5419,0
Compound5420,1
Compound5421,0
Compound5422,1
Compound5423,1
Compound5424,1
Compound5425,1
Compound5426,1
Compound5427,1
Compound5428,1
Compound5429,1
Compound5430,1
Compound5431,1
Compound5432,1
Compound5433,1
Compound5434,1
Compound5435,1
Compound5436,1
Compound5437,0
Compound5438,1
Compound5439,1
Compound5440,1
Compound5441,1
Compound5442,1
Compound5443,1
Compound5444,1
Compound5445,1
Compound5446,0
Compound5447,1
Compound5448,0
Compound5449,0
Compound5450,0
Compound5451,1
Compound5452,1
Compound5453,0
Compound5454,0
Compound5455,1
Compound5456,0
Compound5457,1
Compound5458,1
Compound5459,0
Compound5460,1
Compound5461,1
Compound5462,0
Compound5463,1
Compound5464,1
Compound5465,1
Compound5466,1
Compound5467,1
Compound5468,1
Compound5469,0
Compound5470,0
Compound5471,1
Compound5472,0
Compound5473,1
Compound5474,1
Compound5475,1
Compound5476,1
Compound5477,1
Compound5478,0
Compound5479,1
Compound5480,1
Compound5481,0
Compound5482,1
Compound5483,1
Compound5484,1
Compound5485,1
Compound5486,1
Compound5487,1
Compound5488,1
Compound5489,1
Compound5490,0
Compound5491,1
Compound5492,1
Compound5493,1
Compound5494,1
Compound5495,1
Compound5496,1
Compound5497,1
Compound5498,1
Compound5499,0
Compound5500,0
Compound5501,1
Compound5502,1
Compound5503,0
Compound5504,1
Compound5505,1
Compound5506,1
Compound5507,1
Compound5508,1
Compound5509,0
Compound5510,1
Compound5511,1
Compound5512,1
Compound5513,1
Compound5514,1
Compound5515,1
Compound5516,1
Compound5517,1
Compound5518,0
Compound5519,1
Compound5520,1
Compound5521,1
Compound5522,1
Compound5523,1
Compound5524,1
Compound5525,1
Compound5526,0
Compound5527,0
Compound5528,1
Compound5529,1
Compound5530,1
Compound5531,0
Compound5532,1
Compound5533,1
Compound5534,0
Compound5535,0
Compound5536,1
Compound5537,1
Compound5538,1
Compound5539,1
Compound5540,1
Compound5541,1
Compound5542,1
Compound5543,1
Compound5544,1
Compound5545,1
Compound5546,0
Compound5547,1
Compound5548,0
Compound5549,0
Compound5550,0
Compound5551,0
Compound5552,1
Compound5553,1
Compound5554,0
Compound5555,1
Compound5556,1
Compound5557,1
Compound5558,0
Compound5559,1
Compound5560,0
Compound5561,1
Compound5562,1
Compound5563,1
Compound5564,0
Compound5565,1
Compound5566,1
Compound5567,0
Compound5568,1
Compound5569,1
Compound5570,1
Compound5571,1
Compound5572,0
Compound5573,1
Compound5574,1
Compound5575,1
Compound5576,1
Compound5577,1
Compound5578,1
Compound5579,1
Compound5580,1
Compound5581,1
Compound5582,0
Compound5583,0
Compound5584,1
Compound5585,1
Compound5586,1
Compound5587,1
Compound5588,1
Compound5589,1
Compound5590,1
Compound5591,1
Compound5592,1
Compound5593,1
Compound5594,1
Compound5595,1
Compound5596,1
Compound5597,1
Compound5598,1
Compound5599,1
Compound5600,1
Compound5601,1
Compound5602,1
Compound5603,1
Compound5604,1
Compound5605,0
Compound5606,1
Compound5607,1
Compound5608,0
Compound5609,0
Compound5610,1
Compound5611,1
Compound5612,0
Compound5613,1
Compound5614,1
Compound5615,1
Compound5616,0
Compound5617,0
Compound5618,0
Compound5619,1
Compound5620,1
Compound5621,1
Compound5622,0
Compound5623,0
Compound5624,0
Compound5625,0
Compound5626,1
Compound5627,0
Compound5628,1
Compound5629,1
Compound5630,1
Compound5631,1
Compound5632,1
Compound5633,1
Compound5634,1
Compound5635,1
Compound5636,1
Compound5637,0
Compound5638,0
Compound5639,1
Compound5640,1
Compound5641,0
Compound5642,1
Compound5643,1
Compound5644,1
Compound5645,1
Compound5646,1
Compound5647,0
Compound5648,0
Compound5649,0
Compound5650,0
Compound5651,1
Compound5652,1
Compound5653,1
Compound5654,1
Compound5655,1
Compound5656,1
Compound5657,1
Compound5658,1
Compound5659,1
Compound5660,0
Compound5661,1
Compound5662,1
Compound5663,1
Compound5664,0
Compound5665,0
Compound5666,1
Compound5667,1
Compound5668,1
Compound5669,0
Compound5670,1
Compound5671,1
Compound5672,1
Compound5673,1
Compound5674,1
Compound5675,1
Compound5676,1
Compound5677,0
Compound5678,1
Compound5679,1
Compound5680,1
Compound5681,1
Compound5682,0
Compound5683,1
Compound5684,1
Compound5685,0
Compound5686,1
Compound5687,0
Compound5688,1
Compound5689,1
Compound5690,1
Compound5691,1
Compound5692,1
Compound5693,1
Compound5694,1
Compound5695,1
Compound5696,1
Compound5697,1
Compound5698,0
Compound5699,1
Compound5700,1
Compound5701,1
Compound5702,1
Compound5703,1
Compound5704,1
Compound5705,0
Compound5706,0
Compound5707,1
Compound5708,1
Compound5709,1
Compound5710,1
Compound5711,1
Compound5712,0
Compound5713,0
Compound5714,1
Compound5715,1
Compound5716,1
Compound5717,1
Compound5718,1
Compound5719,1
Compound5720,1
Compound5721,0
Compound5722,1
Compound5723,1
Compound5724,1
Compound5725,0
Compound5726,1
Compound5727,0
Compound5728,1
Compound5729,0
Compound5730,0
Compound5731,1
Compound5732,0
Compound5733,1
Compound5734,1
Compound5735,1
Compound5736,1
Compound5737,1
Compound5738,1
Compound5739,0
Compound5740,1
Compound5741,1
Compound5742,1
Compound5743,1
Compound5744,0
Compound5745,1
Compound5746,1
Compound5747,0
Compound5748,0
Compound5749,1
Compound5750,1
Compound5751,0
Compound5752,1
Compound5753,0
Compound5754,1
Compound5755,1
Compound5756,1
Compound5757,0
Compound5758,0
Compound5759,1
Compound5760,0
Compound5761,1
Compound5762,1
Compound5763,1
Compound5764,1
Compound5765,0
Compound5766,1
Compound5767,0
Compound5768,1
Compound5769,0
Compound5770,1
Compound5771,1
Compound5772,1
Compound5773,0
Compound5774,1
Compound5775,1
Compound5776,0
Compound5777,1
Compound5778,0
Compound5779,0
Compound5780,1
Compound5781,1
Compound5782,1
Compound5783,0
Compound5784,1
Compound5785,1
Compound5786,1
Compound5787,1
Compound5788,1
Compound5789,1
Compound5790,1
Compound5791,0
Compound5792,1
Compound5793,0
Compound5794,1
Compound5795,1
Compound5796,0
Compound5797,1
Compound5798,1
Compound5799,1
Compound5800,1
Compound5801,1
Compound5802,1
Compound5803,1
Compound5804,1
Compound5805,1
Compound5806,1
Compound5807,1
Compound5808,1
Compound5809,1
Compound5810,0
Compound5811,0
Compound5812,1
Compound5813,1
Compound5814,1
Compound5815,0
Compound5816,1
Compound5817,1
Compound5818,1
Compound5819,0
Compound5820,1
Compound5821,0
Compound5822,1
Compound5823,1
Compound5824,1
Compound5825,0
Compound5826,1
Compound5827,0
Compound5828,1
Compound5829,1
Compound5830,1
Compound5831,0
Compound5832,1
Compound5833,0
Compound5834,0
Compound5835,0
Compound5836,1
Compound5837,0
Compound5838,1
Compound5839,1
Compound5840,1
Compound5841,0
Compound5842,0
Compound5843,0
Compound5844,1
Compound5845,1
Compound5846,0
Compound5847,1
Compound5848,0
Compound5849,0
Compound5850,1
Compound5851,1
Compound5852,1
Compound5853,1
Compound5854,1
Compound5855,1
Compound5856,1
Compound5857,1
Compound5858,1
Compound5859,1
Compound5860,1
Compound5861,0
Compound5862,0
Compound5863,0
Compound5864,1
Compound5865,1
Compound5866,1
Compound5867,1
Compound5868,1
Compound5869,1
Compound5870,1
Compound5871,1
Compound5872,1
Compound5873,0
Compound5874,0
Compound5875,1
Compound5876,1
Compound5877,0
Compound5878,1
Compound5879,1
Compound5880,1
Compound5881,1
Compound5882,1
Compound5883,1
Compound5884,1
Compound5885,1
Compound5886,1
Compound5887,1
Compound5888,1
Compound5889,0
Compound5890,1
Compound5891,1
Compound5892,0
Compound5893,1
Compound5894,1
Compound5895,1
Compound5896,1
Compound5897,0
Compound5898,1
Compound5899,0
Compound5900,0
Compound5901,0
Compound5902,1
Compound5903,1
Compound5904,0
Compound5905,1
Compound5906,1
Compound5907,1
Compound5908,1
Compound5909,0
Compound5910,1
Compound5911,1
Compound5912,1
Compound5913,0
Compound5914,1
Compound5915,1
Compound5916,1
Compound5917,1
Compound5918,0
Compound5919,1
Compound5920,1
Compound5921,1
Compound5922,1
Compound5923,1
Compound5924,0
Compound5925,0
Compound5926,1
Compound5927,1
Compound5928,1
Compound5929,1
Compound5930,1
Compound5931,1
Compound5932,0
Compound5933,1
Compound5934,1
Compound5935,1
Compound5936,1
Compound5937,1
Compound5938,1
Compound5939,1
Compound5940,0
Compound5941,1
Compound5942,1
Compound5943,0
Compound5944,1
Compound5945,1
Compound5946,1
Compound5947,1
Compound5948,0
Compound5949,1
Compound5950,1
Compound5951,1
Compound5952,1
Compound5953,1
Compound5954,1
Compound5955,1
Compound5956,0
Compound5957,0
Compound5958,1
Compound5959,0
Compound5960,1
Compound5961,1
Compound5962,1
Compound5963,1
Compound5964,1
Compound5965,0
Compound5966,1
Compound5967,1
Compound5968,0
Compound5969,1
Compound5970,1
Compound5971,1
Compound5972,1
Compound5973,0
Compound5974,1
Compound5975,1
Compound5976,1
Compound5977,1
Compound5978,0
Compound5979,0
Compound5980,0
Compound5981,1
Compound5982,0
Compound5983,1
Compound5984,1
Compound5985,1
Compound5986,0
Compound5987,1
Compound5988,1
Compound5989,1
Compound5990,0
Compound5991,0
Compound5992,1
Compound5993,1
Compound5994,1
Compound5995,0
Compound5996,1
Compound5997,1
Compound5998,0
Compound5999,1
Compound6000,0
Compound6001,1
Compound6002,1
Compound6003,1
Compound6004,1
Compound6005,0
Compound6006,1
Compound6007,1
Compound6008,1
Compound6009,0
Compound6010,1
Compound6011,0
Compound6012,1
Compound6013,0
Compound6014,1
Compound6015,1
Compound6016,1
Compound6017,0
Compound6018,1
Compound6019,0
Compound6020,1
Compound6021,0
Compound6022,1
Compound6023,0
Compound6024,1
Compound6025,0
Compound6026,0
Compound6027,1
Compound6028,1
Compound6029,0
Compound6030,1
Compound6031,0
Compound6032,1
Compound6033,0
Compound6034,1
Compound6035,0
Compound6036,1
Compound6037,1
Compound6038,0
Compound6039,1
Compound6040,1
Compound6041,1
Compound6042,1
Compound6043,1
Compound6044,1
Compound6045,1
Compound6046,1
Compound6047,1
Compound6048,1
Compound6049,0
Compound6050,1
Compound6051,1
Compound6052,0
Compound6053,1
Compound6054,0
Compound6055,1
Compound6056,1
Compound6057,1
Compound6058,1
Compound6059,1
Compound6060,0
Compound6061,0
Compound6062,1
Compound6063,1
Compound6064,1
Compound6065,1
Compound6066,1
Compound6067,1
Compound6068,0
Compound6069,1
Compound6070,1
Compound6071,1
Compound6072,1
Compound6073,1
Compound6074,0
Compound6075,0
Compound6076,1
Compound6077,1
Compound6078,1
Compound6079,1
Compound6080,1
Compound6081,1
Compound6082,1
Compound6083,1
Compound6084,0
Compound6085,1
Compound6086,1
Compound6087,1
Compound6088,1
Compound6089,0
Compound6090,1
Compound6091,1
Compound6092,1
Compound6093,1
Compound6094,0
Compound6095,1
Compound6096,0
Compound6097,1
Compound6098,0
Compound6099,1
Compound6100,0
Compound6101,1
Compound6102,0
Compound6103,1
Compound6104,1
Compound6105,1
Compound6106,1
Compound6107,1
Compound6108,1
Compound6109,1
Compound6110,1
Compound6111,0
Compound6112,1
Compound6113,0
Compound6114,1
Compound6115,1
Compound6116,1
Compound6117,1
Compound6118,1
Compound6119,0
Compound6120,1
Compound6121,1
Compound6122,1
Compound6123,1
Compound6124,1
Compound6125,0
Compound6126,1
Compound6127,1
Compound6128,1
Compound6129,1
Compound6130,0
Compound6131,1
Compound6132,1
Compound6133,1
Compound6134,1
Compound6135,1
Compound6136,1
Compound6137,0
Compound6138,1
Compound6139,1
Compound6140,1
Compound6141,1
Compound6142,0
Compound6143,1
Compound6144,1
Compound6145,1
Compound6146,0
Compound6147,0
Compound6148,1
Compound6149,1
Compound6150,1
Compound6151,0
Compound6152,1
Compound6153,1
Compound6154,1
Compound6155,1
Compound6156,1
Compound6157,0
Compound6158,1
Compound6159,1
Compound6160,1
Compound6161,1
Compound6162,0
Compound6163,0
Compound6164,1
Compound6165,1
Compound6166,1
Compound6167,1
Compound6168,1
Compound6169,1
Compound6170,0
Compound6171,0
